1,1,1,hit,-0.03063518
1,1,1,stand,-0.66314191
1,1,1,double,-0.59875517
1,1,2,hit,-0.06780750
1,1,2,stand,-0.66173230
1,1,2,double,-0.59328086
1,1,3,hit,-0.10056813
1,1,3,stand,-0.66104652
1,1,3,double,-0.59580320
1,1,4,hit,-0.15393107
1,1,4,stand,-0.65881760
1,1,4,double,-0.61988219
1,1,5,hit,-0.20606145
1,1,5,stand,-0.65915120
1,1,5,double,-0.65606954
1,1,6,hit,-0.19989949
1,1,6,stand,-0.48281480
1,1,6,double,-0.52721293
1,1,7,hit,-0.10838560
1,1,7,stand,-0.10101460
1,1,7,double,-0.35777842
1,1,8,hit,-0.01724214
1,1,8,stand,0.28974323
1,1,8,double,-0.19205734
1,1,9,hit,0.06750492
1,1,9,stand,0.68074507
1,1,9,double,-0.04065654
1,1,10,hit,0.15252568
1,1,10,stand,0.92537157
1,1,10,double,0.14519377
1,2,2,hit,-0.25890084
1,2,2,stand,-0.66004896
1,2,2,double,-1.32009792
1,2,3,hit,-0.29156549
1,2,3,stand,-0.65937541
1,2,3,double,-1.31875082
1,2,4,hit,-0.33490105
1,2,4,stand,-0.65871158
1,2,4,double,-1.29565519
1,2,5,hit,-0.33111469
1,2,5,stand,-0.65752888
1,2,5,double,-1.12523686
1,2,6,hit,-0.22577227
1,2,6,stand,-0.63916044
1,2,6,double,-0.79909515
1,2,7,hit,-0.08278463
1,2,7,stand,-0.64555908
1,2,7,double,-0.40205701
1,2,8,hit,0.08644762
1,2,8,stand,-0.65188908
1,2,8,double,0.02508349
1,2,9,hit,0.16964411
1,2,9,stand,-0.65716037
1,2,9,double,0.18893521
1,2,10,hit,-0.34892306
1,2,10,stand,-0.67278764
1,2,10,double,-0.81093006
1,3,3,hit,-0.33396338
1,3,3,stand,-0.66014658
1,3,3,double,-1.29817999
1,3,4,hit,-0.34504791
1,3,4,stand,-0.65796657
1,3,4,double,-1.12642333
1,3,5,hit,-0.21713336
1,3,5,stand,-0.65676089
1,3,5,double,-0.79396417
1,3,6,hit,-0.07849463
1,3,6,stand,-0.63834401
1,3,6,double,-0.40132884
1,3,7,hit,0.08684269
1,3,7,stand,-0.64475891
1,3,7,double,0.04017866
1,3,8,hit,0.17091985
1,3,8,stand,-0.65033629
1,3,8,double,0.20567190
1,3,9,hit,-0.37448344
1,3,9,stand,-0.65657720
1,3,9,double,-0.85821684
1,3,10,hit,-0.39250266
1,3,10,stand,-0.67216814
1,3,10,double,-0.85904882
1,4,4,hit,-0.20897183
1,4,4,stand,-0.65575917
1,4,4,double,-0.79649553
1,4,5,hit,-0.07021485
1,4,5,stand,-0.65453270
1,4,5,double,-0.39577100
1,4,6,hit,0.08150636
1,4,6,stand,-0.63611837
1,4,6,double,0.04861531
1,4,7,hit,0.17130644
1,4,7,stand,-0.64178229
1,4,7,double,0.22204125
1,4,8,hit,-0.37491479
1,4,8,stand,-0.64826630
1,4,8,double,-0.84666049
1,4,9,hit,-0.38307493
1,4,9,stand,-0.65453354
1,4,9,double,-0.83801907
1,4,10,hit,-0.44496062
1,4,10,stand,-0.67023703
1,4,10,double,-0.93161315
1,5,5,hit,0.09056127
1,5,5,stand,-0.65328692
1,5,5,double,0.05514887
1,5,6,hit,0.17294640
1,5,6,stand,-0.63401310
1,5,6,double,0.24025913
1,5,7,hit,-0.37676936
1,5,7,stand,-0.64061916
1,5,7,double,-0.83745597
1,5,8,hit,-0.43302982
1,5,8,stand,-0.64720148
1,5,8,double,-0.93092528
1,5,9,hit,-0.44121498
1,5,9,stand,-0.65343036
1,5,9,double,-0.92060470
1,5,10,hit,-0.49874075
1,5,10,stand,-0.66915722
1,5,10,double,-1.01290015
1,6,6,hit,-0.38620366
1,6,6,stand,-0.61701035
1,6,6,double,-0.83460154
1,6,7,hit,-0.44334681
1,6,7,stand,-0.62376722
1,6,7,double,-0.93717832
1,6,8,hit,-0.45338942
1,6,8,stand,-0.63043630
1,6,8,double,-0.94176307
1,6,9,hit,-0.49585284
1,6,9,stand,-0.63680871
1,6,9,double,-1.00837001
1,6,10,hit,-0.50875015
1,6,10,stand,-0.65290897
1,6,10,double,-1.01750030
1,7,7,hit,-0.49472108
1,7,7,stand,-0.63050171
1,7,7,double,-1.02934262
1,7,8,hit,-0.45565564
1,7,8,stand,-0.63715778
1,7,8,double,-0.92801491
1,7,9,hit,-0.49549331
1,7,9,stand,-0.64324651
1,7,9,double,-0.99098661
1,7,10,hit,-0.55580195
1,7,10,stand,-0.46704074
1,7,10,double,-1.11160389
1,8,8,hit,-0.49490539
1,8,8,stand,-0.64353189
1,8,8,double,-0.98981078
1,8,9,hit,-0.54460836
1,8,9,stand,-0.45187521
1,8,9,double,-1.08921672
1,8,10,hit,-0.63317745
1,8,10,stand,-0.08202029
1,8,10,double,-1.26635491
1,9,9,hit,-0.62484314
1,9,9,stand,-0.05517369
1,9,9,double,-1.24968628
1,9,10,hit,-0.74264481
1,9,10,stand,0.30767613
1,9,10,double,-1.48528961
1,10,10,hit,-0.88318310
1,10,10,stand,0.65009689
1,10,10,double,-1.76636620
2,1,1,hit,0.09477696
2,1,1,stand,-0.27432734
2,1,1,double,-0.01935955
2,1,2,hit,0.03926636
2,1,2,stand,-0.28271343
2,1,2,double,-0.04202018
2,1,3,hit,0.01691359
2,1,3,stand,-0.28421146
2,1,3,double,-0.04678627
2,1,4,hit,-0.01169688
2,1,4,stand,-0.28315654
2,1,4,double,-0.06997955
2,1,5,hit,-0.03172382
2,1,5,stand,-0.26638175
2,1,5,double,-0.08184674
2,1,6,hit,0.00709778
2,1,6,stand,-0.13176740
2,1,6,double,0.01332096
2,1,7,hit,0.06524795
2,1,7,stand,0.13580237
2,1,7,double,0.12757821
2,1,8,hit,0.12002903
2,1,8,stand,0.40162526
2,1,8,double,0.23719432
2,1,9,hit,0.19076238
2,1,9,stand,0.65598499
2,1,9,double,0.37976800
2,1,10,hit,0.24709503
2,1,10,stand,0.87946476
2,1,10,double,0.48697870
2,2,2,hit,-0.11317409
2,2,2,stand,-0.29080272
2,2,2,double,-0.58160545
2,2,3,hit,-0.13138669
2,2,3,stand,-0.29328949
2,2,3,double,-0.58657897
2,2,4,hit,-0.15070844
2,2,4,stand,-0.29096667
2,2,4,double,-0.56013358
2,2,5,hit,-0.09936850
2,2,5,stand,-0.27415343
2,2,5,double,-0.40178337
2,2,6,hit,-0.01299652
2,2,6,stand,-0.27710805
2,2,6,double,-0.16278329
2,2,7,hit,0.08348758
2,2,7,stand,-0.28022872
2,2,7,double,0.11740169
2,2,8,hit,0.21304483
2,2,8,stand,-0.28209198
2,2,8,double,0.42448034
2,2,9,hit,0.26358535
2,2,9,stand,-0.28659337
2,2,9,double,0.52482835
2,2,10,hit,-0.24340752
2,2,10,stand,-0.31099281
2,2,10,double,-0.48682488
2,3,3,hit,-0.15294830
2,3,3,stand,-0.29486621
2,3,3,double,-0.56747002
2,3,4,hit,-0.12295727
2,3,4,stand,-0.29252120
2,3,4,double,-0.42908301
2,3,5,hit,-0.01652322
2,3,5,stand,-0.27574365
2,3,5,double,-0.16780016
2,3,6,hit,0.09214930
2,3,6,stand,-0.27847393
2,3,6,double,0.11187426
2,3,7,hit,0.21442130
2,3,7,stand,-0.28080476
2,3,7,double,0.42597959
2,3,8,hit,0.26821803
2,3,8,stand,-0.28357720
2,3,8,double,0.53357233
2,3,9,hit,-0.26625489
2,3,9,stand,-0.28802999
2,3,9,double,-0.53250977
2,3,10,hit,-0.30421465
2,3,10,stand,-0.31238965
2,3,10,double,-0.60842930
2,4,4,hit,-0.01261562
2,4,4,stand,-0.29013327
2,4,4,double,-0.18457733
2,4,5,hit,0.09333755
2,4,5,stand,-0.27334209
2,4,5,double,0.11350921
2,4,6,hit,0.21749372
2,4,6,stand,-0.27523626
2,4,6,double,0.43218677
2,4,7,hit,0.27234123
2,4,7,stand,-0.27842348
2,4,7,double,0.54176476
2,4,8,hit,-0.25982595
2,4,8,stand,-0.28130630
2,4,8,double,-0.51965191
2,4,9,hit,-0.29300759
2,4,9,stand,-0.28572566
2,4,9,double,-0.58601519
2,4,10,hit,-0.36877812
2,4,10,stand,-0.31010731
2,4,10,double,-0.73755623
2,5,5,hit,0.22386222
2,5,5,stand,-0.25591550
2,5,5,double,0.44644168
2,5,6,hit,0.28403103
2,5,6,stand,-0.25878822
2,5,6,double,0.56718746
2,5,7,hit,-0.25263219
2,5,7,stand,-0.26206963
2,5,7,double,-0.50526439
2,5,8,hit,-0.33128138
2,5,8,stand,-0.26489490
2,5,8,double,-0.66256276
2,5,9,hit,-0.35892591
2,5,9,stand,-0.26931421
2,5,9,double,-0.71785183
2,5,10,hit,-0.43621854
2,5,10,stand,-0.29478271
2,5,10,double,-0.87243708
2,6,6,hit,-0.25267085
2,6,6,stand,-0.26171360
2,6,6,double,-0.50534171
2,6,7,hit,-0.33196608
2,6,7,stand,-0.26504562
2,6,7,double,-0.66393217
2,6,8,hit,-0.36261544
2,6,8,stand,-0.26780009
2,6,8,double,-0.72523089
2,6,9,hit,-0.43025670
2,6,9,stand,-0.27329855
2,6,9,double,-0.86051339
2,6,10,hit,-0.46539564
2,6,10,stand,-0.29766441
2,6,10,double,-0.93079128
2,7,7,hit,-0.40638785
2,7,7,stand,-0.26830853
2,7,7,double,-0.81277571
2,7,8,hit,-0.39037744
2,7,8,stand,-0.27205824
2,7,8,double,-0.78075488
2,7,9,hit,-0.45597434
2,7,9,stand,-0.27654830
2,7,9,double,-0.91194868
2,7,10,hit,-0.53845345
2,7,10,stand,-0.15812824
2,7,10,double,-1.07690690
2,8,8,hit,-0.45409320
2,8,8,stand,-0.27481353
2,8,8,double,-0.90818640
2,8,9,hit,-0.53017078
2,8,9,stand,-0.13652136
2,8,9,double,-1.06034155
2,8,10,hit,-0.63253731
2,8,10,stand,0.11887701
2,8,10,double,-1.26507461
2,9,9,hit,-0.62749708
2,9,9,stand,0.13705741
2,9,9,double,-1.25499416
2,9,10,hit,-0.74966065
2,9,10,stand,0.38483407
2,9,10,double,-1.49932131
2,10,10,hit,-0.84666080
2,10,10,stand,0.62722589
2,10,10,double,-1.69332161
3,1,1,hit,0.12058614
3,1,1,stand,-0.23231102
3,1,1,double,0.05488189
3,1,2,hit,0.07066385
3,1,2,stand,-0.24114898
3,1,2,double,0.02841428
3,1,3,hit,0.04416036
3,1,3,stand,-0.24014934
3,1,3,double,0.01085522
3,1,4,hit,0.02336896
3,1,4,stand,-0.22395299
3,1,4,double,0.00262747
3,1,5,hit,-0.00189711
3,1,5,stand,-0.22051079
3,1,5,double,-0.01920825
3,1,6,hit,0.03694814
3,1,6,stand,-0.09323074
3,1,6,double,0.07389629
3,1,7,hit,0.09446720
3,1,7,stand,0.16681649
3,1,7,double,0.18893440
3,1,8,hit,0.17302417
3,1,8,stand,0.41987190
3,1,8,double,0.34604834
3,1,9,hit,0.19643387
3,1,9,stand,0.64412574
3,1,9,double,0.39223434
3,1,10,hit,0.27066843
3,1,10,stand,0.88398672
3,1,10,double,0.53635065
3,2,2,hit,-0.08176731
3,2,2,stand,-0.25072164
3,2,2,double,-0.50144329
3,2,3,hit,-0.09824997
3,2,3,stand,-0.24845160
3,2,3,double,-0.49690319
3,2,4,hit,-0.10613753
3,2,4,stand,-0.23227449
3,2,4,double,-0.44551580
3,2,5,hit,-0.06145129
3,2,5,stand,-0.22885822
3,2,5,double,-0.31067556
3,2,6,hit,0.02379969
3,2,6,stand,-0.23114180
3,2,6,double,-0.07825245
3,2,7,hit,0.13082480
3,2,7,stand,-0.23389821
3,2,7,double,0.19460169
3,2,8,hit,0.24147723
3,2,8,stand,-0.23825179
3,2,8,double,0.48247830
3,2,9,hit,0.26933886
3,2,9,stand,-0.26405148
3,2,9,double,0.53804432
3,2,10,hit,-0.21929775
3,2,10,stand,-0.26786661
3,2,10,double,-0.43859551
3,3,3,hit,-0.11813571
3,3,3,stand,-0.24618558
3,3,3,double,-0.47205189
3,3,4,hit,-0.08148969
3,3,4,stand,-0.22995347
3,3,4,double,-0.32368336
3,3,5,hit,0.01948525
3,3,5,stand,-0.22652901
3,3,5,double,-0.08315565
3,3,6,hit,0.13894389
3,3,6,stand,-0.22796521
3,3,6,double,0.18925757
3,3,7,hit,0.24630638
3,3,7,stand,-0.23162840
3,3,7,double,0.49214123
3,3,8,hit,0.29519788
3,3,8,stand,-0.23597770
3,3,8,double,0.59039575
3,3,9,hit,-0.25571184
3,3,9,stand,-0.26181517
3,3,9,double,-0.51142369
3,3,10,hit,-0.28322416
3,3,10,stand,-0.26564778
3,3,10,double,-0.56644832
3,4,4,hit,0.02883593
3,4,4,stand,-0.21373038
3,4,4,double,-0.08246537
3,4,5,hit,0.14108242
3,4,5,stand,-0.20973727
3,4,5,double,0.19560469
3,4,6,hit,0.25043915
3,4,6,stand,-0.21206751
3,4,6,double,0.50087830
3,4,7,hit,0.30557823
3,4,7,stand,-0.21571038
3,4,7,double,0.61115646
3,4,8,hit,-0.22975455
3,4,8,stand,-0.22020877
3,4,8,double,-0.45950909
3,4,9,hit,-0.28036110
3,4,9,stand,-0.24597927
3,4,9,double,-0.56072220
3,4,10,hit,-0.35568308
3,4,10,stand,-0.25086958
3,4,10,double,-0.71136615
3,5,5,hit,0.25478172
3,5,5,stand,-0.20617184
3,5,5,double,0.50956344
3,5,6,hit,0.31473347
3,5,6,stand,-0.20855904
3,5,6,double,0.62946693
3,5,7,hit,-0.22195462
3,5,7,stand,-0.21234431
3,5,7,double,-0.44390925
3,5,8,hit,-0.30557235
3,5,8,stand,-0.21670017
3,5,8,double,-0.61114471
3,5,9,hit,-0.35604462
3,5,9,stand,-0.24355761
3,5,9,double,-0.71208924
3,5,10,hit,-0.42975799
3,5,10,stand,-0.24737779
3,5,10,double,-0.85951598
3,6,6,hit,-0.22213368
3,6,6,stand,-0.21103336
3,6,6,double,-0.44426736
3,6,7,hit,-0.30402933
3,6,7,stand,-0.21477094
3,6,7,double,-0.60805865
3,6,8,hit,-0.34696886
3,6,8,stand,-0.22021044
3,6,8,double,-0.69393773
3,6,9,hit,-0.43227634
3,6,9,stand,-0.24598655
3,6,9,double,-0.86455268
3,6,10,hit,-0.46140151
3,6,10,stand,-0.24987555
3,6,10,double,-0.92280303
3,7,7,hit,-0.38826515
3,7,7,stand,-0.21940038
3,7,7,double,-0.77653030
3,7,8,hit,-0.38127586
3,7,8,stand,-0.22385365
3,7,8,double,-0.76255172
3,7,9,hit,-0.45900585
3,7,9,stand,-0.24970006
3,7,9,double,-0.91801170
3,7,10,hit,-0.53637525
3,7,10,stand,-0.11894253
3,7,10,double,-1.07275050
3,8,8,hit,-0.44993148
3,8,8,stand,-0.22835351
3,8,8,double,-0.89986295
3,8,9,hit,-0.53548575
3,8,9,stand,-0.12066362
3,8,9,double,-1.07097151
3,8,10,hit,-0.63365329
3,8,10,stand,0.14441372
3,8,10,double,-1.26730659
3,9,9,hit,-0.63828086
3,9,9,stand,0.12255289
3,9,9,double,-1.27656172
3,9,10,hit,-0.71257174
3,9,10,stand,0.38355660
3,9,10,double,-1.42514349
3,10,10,hit,-0.84630114
3,10,10,stand,0.63613399
3,10,10,double,-1.69260228
4,1,1,hit,0.14573044
4,1,1,stand,-0.17824898
4,1,1,double,0.13665009
4,1,2,hit,0.11021299
4,1,2,stand,-0.18607942
4,1,2,double,0.11509724
4,1,3,hit,0.09075453
4,1,3,stand,-0.16992712
4,1,3,double,0.10914435
4,1,4,hit,0.06144465
4,1,4,stand,-0.16617498
4,1,4,double,0.08488306
4,1,5,hit,0.03797611
4,1,5,stand,-0.16359168
4,1,5,double,0.06259173
4,1,6,hit,0.07727415
4,1,6,stand,-0.03666676
4,1,6,double,0.15454830
4,1,7,hit,0.15634180
4,1,7,stand,0.20397371
4,1,7,double,0.31268360
4,1,8,hit,0.18653728
4,1,8,stand,0.41548964
4,1,8,double,0.37307456
4,1,9,hit,0.22957828
4,1,9,stand,0.65388276
4,1,9,double,0.45915656
4,1,10,hit,0.29820938
4,1,10,stand,0.88446937
4,1,10,double,0.59507086
4,2,2,hit,-0.03484199
4,2,2,stand,-0.19199907
4,2,2,double,-0.38399814
4,2,3,hit,-0.04101836
4,2,3,stand,-0.17585017
4,2,3,double,-0.35170034
4,2,4,hit,-0.05524691
4,2,4,stand,-0.17210562
4,2,4,double,-0.32364850
4,2,5,hit,-0.01031990
4,2,5,stand,-0.16957420
4,2,5,double,-0.19464093
4,2,6,hit,0.08106205
4,2,6,stand,-0.17132677
4,2,6,double,0.02330924
4,2,7,hit,0.16760130
4,2,7,stand,-0.17672709
4,2,7,double,0.27181550
4,2,8,hit,0.25246449
4,2,8,stand,-0.20246799
4,2,8,double,0.50492899
4,2,9,hit,0.30004855
4,2,9,stand,-0.20703245
4,2,9,double,0.60009710
4,2,10,hit,-0.19395544
4,2,10,stand,-0.21183888
4,2,10,double,-0.38791088
4,3,3,hit,-0.04743924
4,3,3,stand,-0.15969069
4,3,3,double,-0.30216733
4,3,4,hit,-0.01656865
4,3,4,stand,-0.15593413
4,3,4,double,-0.17770845
4,3,5,hit,0.08661128
4,3,5,stand,-0.15283914
4,3,5,double,0.04109222
4,3,6,hit,0.18602149
4,3,6,stand,-0.15547536
4,3,6,double,0.28963818
4,3,7,hit,0.28517869
4,3,7,stand,-0.16091220
4,3,7,double,0.57035739
4,3,8,hit,0.31258531
4,3,8,stand,-0.18668126
4,3,8,double,0.62517062
4,3,9,hit,-0.22550014
4,3,9,stand,-0.19124913
4,3,9,double,-0.45100028
4,3,10,hit,-0.25795220
4,3,10,stand,-0.19710875
4,3,10,double,-0.51590440
4,4,4,hit,0.09785526
4,4,4,stand,-0.15169353
4,4,4,double,0.04412830
4,4,5,hit,0.18960780
4,4,5,stand,-0.14887920
4,4,5,double,0.29700432
4,4,6,hit,0.29276135
4,4,6,stand,-0.15162078
4,4,6,double,0.58552271
4,4,7,hit,0.34254306
4,4,7,stand,-0.15722296
4,4,7,double,0.68508612
4,4,8,hit,-0.21404028
4,4,8,stand,-0.18285744
4,4,8,double,-0.42808056
4,4,9,hit,-0.25428277
4,4,9,stand,-0.18847271
4,4,9,double,-0.50856553
4,4,10,hit,-0.33645853
4,4,10,stand,-0.19333142
4,4,10,double,-0.67291706
4,5,5,hit,0.29491108
4,5,5,stand,-0.14629066
4,5,5,double,0.58982215
4,5,6,hit,0.35196938
4,5,6,stand,-0.14906300
4,5,6,double,0.70393876
4,5,7,hit,-0.19177474
4,5,7,stand,-0.15458839
4,5,7,double,-0.38354947
4,5,8,hit,-0.29182019
4,5,8,stand,-0.18130185
4,5,8,double,-0.58364037
4,5,9,hit,-0.33551793
4,5,9,stand,-0.18588633
4,5,9,double,-0.67103586
4,5,10,hit,-0.41799008
4,5,10,stand,-0.19068683
4,5,10,double,-0.83598015
4,6,6,hit,-0.19011340
4,6,6,stand,-0.15188272
4,6,6,double,-0.38022681
4,6,7,hit,-0.27703966
4,6,7,stand,-0.15837170
4,6,7,double,-0.55407932
4,6,8,hit,-0.33754160
4,6,8,stand,-0.18407839
4,6,8,double,-0.67508321
4,6,9,hit,-0.41961539
4,6,9,stand,-0.18862177
4,6,9,double,-0.83923078
4,6,10,hit,-0.45456634
4,6,10,stand,-0.19344178
4,6,10,double,-0.90913268
4,7,7,hit,-0.36880258
4,7,7,stand,-0.16393658
4,7,7,double,-0.73760515
4,7,8,hit,-0.38004442
4,7,8,stand,-0.18958959
4,7,8,double,-0.76008884
4,7,9,hit,-0.45296519
4,7,9,stand,-0.19414325
4,7,9,double,-0.90593038
4,7,10,hit,-0.53510796
4,7,10,stand,-0.06439509
4,7,10,double,-1.07021593
4,8,8,hit,-0.46114570
4,8,8,stand,-0.21526588
4,8,8,double,-0.92229139
4,8,9,hit,-0.54113954
4,8,9,stand,-0.08441365
4,8,9,double,-1.08227907
4,8,10,hit,-0.59731671
4,8,10,stand,0.16423954
4,8,10,double,-1.19463343
4,9,9,hit,-0.59700122
4,9,9,stand,0.16697833
4,9,9,double,-1.19400244
4,9,10,hit,-0.71169563
4,9,10,stand,0.40411429
4,9,10,double,-1.42339126
4,10,10,hit,-0.84627256
4,10,10,stand,0.64484846
4,10,10,double,-1.69254511
5,1,1,hit,0.18201372
5,1,1,stand,-0.13008565
5,1,1,double,0.21572690
5,1,2,hit,0.15873090
5,1,2,stand,-0.11884585
5,1,2,double,0.21229460
5,1,3,hit,0.13656428
5,1,3,stand,-0.11602000
5,1,3,double,0.20357826
5,1,4,hit,0.10785734
5,1,4,stand,-0.11309693
5,1,4,double,0.17498482
5,1,5,hit,0.08211276
5,1,5,stand,-0.11073647
5,1,5,double,0.14825597
5,1,6,hit,0.14001651
5,1,6,stand,0.00466217
5,1,6,double,0.28003302
5,1,7,hit,0.17454680
5,1,7,stand,0.22229525
5,1,7,double,0.34909359
5,1,8,hit,0.22652929
5,1,8,stand,0.46079163
5,1,8,double,0.45305858
5,1,9,hit,0.26810132
5,1,9,stand,0.68207397
5,1,9,double,0.53620264
5,1,10,hit,0.33149564
5,1,10,stand,0.89262550
5,1,10,double,0.66299129
5,2,2,hit,0.03594435
5,2,2,stand,-0.10701399
5,2,2,double,-0.21402798
5,2,3,hit,0.02150482
5,2,3,stand,-0.10425709
5,2,3,double,-0.20851419
5,2,4,hit,0.00889011
5,2,4,stand,-0.10137130
5,2,4,double,-0.18553631
5,2,5,hit,0.05676821
5,2,5,stand,-0.09837278
5,2,5,double,-0.07031832
5,2,6,hit,0.13062979
5,2,6,stand,-0.10381894
5,2,6,double,0.13058286
5,2,7,hit,0.19551471
5,2,7,stand,-0.13056651
5,2,7,double,0.33212149
5,2,8,hit,0.29598705
5,2,8,stand,-0.13554175
5,2,8,double,0.59197411
5,2,9,hit,0.33982428
5,2,9,stand,-0.13863163
5,2,9,double,0.67964856
5,2,10,hit,-0.16357032
5,2,10,stand,-0.14404223
5,2,10,double,-0.32714063
5,3,3,hit,0.00831822
5,3,3,stand,-0.10145501
5,3,3,double,-0.18398184
5,3,4,hit,0.04898565
5,3,4,stand,-0.09799313
5,3,4,double,-0.06135530
5,3,5,hit,0.14106728
5,3,5,stand,-0.09549474
5,3,5,double,0.15498321
5,3,6,hit,0.23497336
5,3,6,stand,-0.10090404
5,3,6,double,0.39160335
5,3,7,hit,0.30750550
5,3,7,stand,-0.12773409
5,3,7,double,0.61501100
5,3,8,hit,0.34953563
5,3,8,stand,-0.13265367
5,3,8,double,0.69907125
5,3,9,hit,-0.19661199
5,3,9,stand,-0.13683395
5,3,9,double,-0.39322398
5,3,10,hit,-0.23530280
5,3,10,stand,-0.14114077
5,3,10,double,-0.47060561
5,4,4,hit,0.15392650
5,4,4,stand,-0.09489659
5,4,4,double,0.16231421
5,4,5,hit,0.24643634
5,4,5,stand,-0.09247684
5,4,5,double,0.41499471
5,4,6,hit,0.33882453
5,4,6,stand,-0.09797852
5,4,6,double,0.67764907
5,4,7,hit,0.36167935
5,4,7,stand,-0.12474222
5,4,7,double,0.72335870
5,4,8,hit,-0.18662065
5,4,8,stand,-0.13074873
5,4,8,double,-0.37324129
5,4,9,hit,-0.23205906
5,4,9,stand,-0.13385867
5,4,9,double,-0.46411812
5,4,10,hit,-0.31463831
5,4,10,stand,-0.13817650
5,4,10,double,-0.62927662
5,5,5,hit,0.34734576
5,5,5,stand,-0.09004839
5,5,5,double,0.69469153
5,5,6,hit,0.39365348
5,5,6,stand,-0.09554511
5,5,6,double,0.78730696
5,5,7,hit,-0.17773578
5,5,7,stand,-0.12335620
5,5,7,double,-0.35547157
5,5,8,hit,-0.27001467
5,5,8,stand,-0.12826357
5,5,8,double,-0.54002933
5,5,9,hit,-0.31383515
5,5,9,stand,-0.13135233
5,5,9,double,-0.62767030
5,5,10,hit,-0.39958351
5,5,10,stand,-0.13568275
5,5,10,double,-0.79916702
5,6,6,hit,-0.16235981
5,6,6,stand,-0.10216580
5,6,6,double,-0.32471962
5,6,7,hit,-0.26902841
5,6,7,stand,-0.12882093
5,6,7,double,-0.53805682
5,6,8,hit,-0.31719184
5,6,8,stand,-0.13374656
5,6,8,double,-0.63438369
5,6,9,hit,-0.40203518
5,6,9,stand,-0.13685462
5,6,9,double,-0.80407036
5,6,10,hit,-0.44422303
5,6,10,stand,-0.14119447
5,6,10,double,-0.88844606
5,7,7,hit,-0.37032666
5,7,7,stand,-0.15550859
5,7,7,double,-0.74065332
5,7,8,hit,-0.37311833
5,7,8,stand,-0.16046653
5,7,8,double,-0.74623667
5,7,9,hit,-0.45205692
5,7,9,stand,-0.16359346
5,7,9,double,-0.90411384
5,7,10,hit,-0.49243365
5,7,10,stand,-0.04314760
5,7,10,double,-0.98486729
5,8,8,hit,-0.45287435
5,8,8,stand,-0.16544334
5,8,8,double,-0.90574870
5,8,9,hit,-0.49258182
5,8,9,stand,-0.04439420
5,8,9,double,-0.98516364
5,8,10,hit,-0.59075533
5,8,10,stand,0.20228963
5,8,10,double,-1.18151067
5,9,9,hit,-0.59031022
5,9,9,stand,0.20289259
5,9,9,double,-1.18062043
5,9,10,hit,-0.70874023
5,9,10,stand,0.44784925
5,9,10,double,-1.41748046
5,10,10,hit,-0.84559688
5,10,10,stand,0.67367530
5,10,10,double,-1.69119376
6,1,1,hit,0.19960679
6,1,1,stand,-0.10350547
6,1,1,double,0.24791435
6,1,2,hit,0.16849534
6,1,2,stand,-0.11416742
6,1,2,double,0.23021051
6,1,3,hit,0.14716370
6,1,3,stand,-0.11156842
6,1,3,double,0.22185969
6,1,4,hit,0.12025684
6,1,4,stand,-0.10919434
6,1,4,double,0.20072128
6,1,5,hit,0.11591786
6,1,5,stand,-0.10759562
6,1,5,double,0.21666538
6,1,6,hit,0.13324306
6,1,6,stand,0.01043453
6,1,6,double,0.26648613
6,1,7,hit,0.19242992
6,1,7,stand,0.26217396
6,1,7,double,0.38485985
6,1,8,hit,0.24131297
6,1,8,stand,0.48235390
6,1,8,double,0.48262593
6,1,9,hit,0.27987606
6,1,9,stand,0.69418680
6,1,9,double,0.55975213
6,1,10,hit,0.34111716
6,1,10,stand,0.89937743
6,1,10,double,0.68223432
6,2,2,hit,0.03205475
6,2,2,stand,-0.12450164
6,2,2,double,-0.24900328
6,2,3,hit,0.01923308
6,2,3,stand,-0.12191464
6,2,3,double,-0.24382928
6,2,4,hit,0.01411278
6,2,4,stand,-0.11912335
6,2,4,double,-0.21503568
6,2,5,hit,0.06959642
6,2,5,stand,-0.11789980
6,2,5,double,-0.06103781
6,2,6,hit,0.13213898
6,2,6,stand,-0.14418127
6,2,6,double,0.12419428
6,2,7,hit,0.20971128
6,2,7,stand,-0.14873811
6,2,7,double,0.35736087
6,2,8,hit,0.30753348
6,2,8,stand,-0.15132266
6,2,8,double,0.61506695
6,2,9,hit,0.34581575
6,2,9,stand,-0.15639439
6,2,9,double,0.69163150
6,2,10,hit,-0.15943582
6,2,10,stand,-0.16037864
6,2,10,double,-0.31887164
6,3,3,hit,0.01389577
6,3,3,stand,-0.11889259
6,3,3,double,-0.21451145
6,3,4,hit,0.05919164
6,3,4,stand,-0.11645765
6,3,4,double,-0.05686531
6,3,5,hit,0.16369575
6,3,5,stand,-0.11524351
6,3,5,double,0.18992888
6,3,6,hit,0.23132607
6,3,6,stand,-0.14153815
6,3,6,double,0.37921512
6,3,7,hit,0.31804960
6,3,7,stand,-0.14611245
6,3,7,double,0.63609921
6,3,8,hit,0.35611719
6,3,8,stand,-0.14970487
6,3,8,double,0.71223438
6,3,9,hit,-0.19379393
6,3,9,stand,-0.15374518
6,3,9,double,-0.38758787
6,3,10,hit,-0.22890936
6,3,10,stand,-0.15777269
6,3,10,double,-0.45781873
6,4,4,hit,0.17528972
6,4,4,stand,-0.11403355
6,4,4,double,0.19318362
6,4,5,hit,0.26331555
6,4,5,stand,-0.11288063
6,4,5,double,0.44331015
6,4,6,hit,0.33164755
6,4,6,stand,-0.13919005
6,4,6,double,0.66329510
6,4,7,hit,0.36574080
6,4,7,stand,-0.14469732
6,4,7,double,0.73148159
6,4,8,hit,-0.18408760
6,4,8,stand,-0.14729265
6,4,8,double,-0.36817520
6,4,9,hit,-0.22813398
6,4,9,stand,-0.15134481
6,4,9,double,-0.45626797
6,4,10,hit,-0.30809314
6,4,10,stand,-0.15534873
6,4,10,double,-0.61618628
6,5,5,hit,0.36182256
6,5,5,stand,-0.11166929
6,5,5,double,0.72364512
6,5,6,hit,0.38069585
6,5,6,stand,-0.13899916
6,5,6,double,0.76139170
6,5,7,hit,-0.17884582
6,5,7,stand,-0.14347252
6,5,7,double,-0.35769165
6,5,8,hit,-0.26760332
6,5,8,stand,-0.14604016
6,5,8,double,-0.53520665
6,5,9,hit,-0.30874418
6,5,9,stand,-0.15010019
6,5,9,double,-0.61748836
6,5,10,hit,-0.38732676
6,5,10,stand,-0.15417647
6,5,10,double,-0.77465351
6,6,6,hit,-0.19356844
6,6,6,stand,-0.16518735
6,6,6,double,-0.38713688
6,6,7,hit,-0.28066645
6,6,7,stand,-0.16969197
6,6,7,double,-0.56133291
6,6,8,hit,-0.32325403
6,6,8,stand,-0.17228835
6,6,8,double,-0.64650807
6,6,9,hit,-0.40087627
6,6,9,stand,-0.17650256
6,6,9,double,-0.80175255
6,6,10,hit,-0.39627757
6,6,10,stand,-0.17902290
6,6,10,double,-0.79255514
6,7,7,hit,-0.36694096
6,7,7,stand,-0.17422533
6,7,7,double,-0.73388192
6,7,8,hit,-0.36211586
6,7,8,stand,-0.17697589
6,7,8,double,-0.72423172
6,7,9,hit,-0.39720985
6,7,9,stand,-0.17963415
6,7,9,double,-0.79441970
6,7,10,hit,-0.48334279
6,7,10,stand,-0.01128665
6,7,10,double,-0.96668557
6,8,8,hit,-0.39669185
6,8,8,stand,-0.17817051
6,8,8,double,-0.79338369
6,8,9,hit,-0.48377722
6,8,9,stand,-0.01141136
6,8,9,double,-0.96755443
6,8,10,hit,-0.58611484
6,8,10,stand,0.26810051
6,8,10,double,-1.17222968
6,9,9,hit,-0.58671279
6,9,9,stand,0.26519525
6,9,9,double,-1.17342559
6,9,10,hit,-0.70698909
6,9,10,stand,0.48409289
6,9,10,double,-1.41397818
6,10,10,hit,-0.84502658
6,10,10,stand,0.69740279
6,10,10,double,-1.69005315
7,1,1,hit,0.15848918
7,1,1,stand,-0.45247945
7,1,1,double,-0.13697487
7,1,2,hit,0.10738694
7,1,2,stand,-0.46187705
7,1,2,double,-0.15723848
7,1,3,hit,0.06046483
7,1,3,stand,-0.46021015
7,1,3,double,-0.17453948
7,1,4,hit,0.03376435
7,1,4,stand,-0.45761680
7,1,4,double,-0.14093731
7,1,5,hit,-0.02376778
7,1,5,stand,-0.46798581
7,1,5,double,-0.18906734
7,1,6,hit,0.05964604
7,1,6,stand,-0.08963920
7,1,6,double,0.01417672
7,1,7,hit,0.17466738
7,1,7,stand,0.41195247
7,1,7,double,0.24022396
7,1,8,hit,0.22193683
7,1,8,stand,0.61450419
7,1,8,double,0.32533101
7,1,9,hit,0.24271095
7,1,9,stand,0.77319379
7,1,9,double,0.35127873
7,1,10,hit,0.28577648
7,1,10,stand,0.92462915
7,1,10,double,0.46759280
7,2,2,hit,-0.09147208
7,2,2,stand,-0.47102691
7,2,2,double,-0.94205382
7,2,3,hit,-0.11896154
7,2,3,stand,-0.46891013
7,2,3,double,-0.93782025
7,2,4,hit,-0.16347320
7,2,4,stand,-0.46663771
7,2,4,double,-0.87034177
7,2,5,hit,-0.06692936
7,2,5,stand,-0.47707810
7,2,5,double,-0.56724665
7,2,6,hit,0.09184493
7,2,6,stand,-0.48163343
7,2,6,double,-0.14812009
7,2,7,hit,0.18361397
7,2,7,stand,-0.48580251
7,2,7,double,0.16000821
7,2,8,hit,0.26763903
7,2,8,stand,-0.48763757
7,2,8,double,0.41663790
7,2,9,hit,0.28888893
7,2,9,stand,-0.49334201
7,2,9,double,0.45540080
7,2,10,hit,-0.21202025
7,2,10,stand,-0.47281664
7,2,10,double,-0.49582778
7,3,3,hit,-0.16404014
7,3,3,stand,-0.46721310
7,3,3,double,-0.87121748
7,3,4,hit,-0.07003560
7,3,4,stand,-0.46487851
7,3,4,double,-0.54257676
7,3,5,hit,0.09311152
7,3,5,stand,-0.47534711
7,3,5,double,-0.13229914
7,3,6,hit,0.19771991
7,3,6,stand,-0.47985239
7,3,6,double,0.17569743
7,3,7,hit,0.27720134
7,3,7,stand,-0.48502438
7,3,7,double,0.44469706
7,3,8,hit,0.29179438
7,3,8,stand,-0.48583497
7,3,8,double,0.47258671
7,3,9,hit,-0.24710366
7,3,9,stand,-0.49158330
7,3,9,double,-0.57875747
7,3,10,hit,-0.27039124
7,3,10,stand,-0.47106737
7,3,10,double,-0.58299003
7,4,4,hit,0.11134889
7,4,4,stand,-0.46271648
7,4,4,double,-0.10835278
7,4,5,hit,0.20198631
7,4,5,stand,-0.47305723
7,4,5,double,0.19045912
7,4,6,hit,0.28558810
7,4,6,stand,-0.47862050
7,4,6,double,0.47537119
7,4,7,hit,0.29377039
7,4,7,stand,-0.48279497
7,4,7,double,0.48745442
7,4,8,hit,-0.24554525
7,4,8,stand,-0.48361092
7,4,8,double,-0.56359303
7,4,9,hit,-0.27409224
7,4,9,stand,-0.48933093
7,4,9,double,-0.60013986
7,4,10,hit,-0.34219886
7,4,10,stand,-0.46888737
7,4,10,double,-0.70680758
7,5,5,hit,0.27905864
7,5,5,stand,-0.48446935
7,5,5,double,0.46634011
7,5,6,hit,0.29736935
7,5,6,stand,-0.48893752
7,5,6,double,0.50052527
7,5,7,hit,-0.25820128
7,5,7,stand,-0.49309145
7,5,7,double,-0.58515051
7,5,8,hit,-0.32747502
7,5,8,stand,-0.49392176
7,5,8,double,-0.70653247
7,5,9,hit,-0.34801483
7,5,9,stand,-0.49971886
7,5,9,double,-0.72764088
7,5,10,hit,-0.36450292
7,5,10,stand,-0.47849733
7,5,10,double,-0.73626494
7,6,6,hit,-0.26485387
7,6,6,stand,-0.49343696
7,6,6,double,-0.59851351
7,6,7,hit,-0.33072295
7,6,7,stand,-0.49761962
7,6,7,double,-0.71410856
7,6,8,hit,-0.34853308
7,6,8,stand,-0.49860411
7,6,8,double,-0.73459408
7,6,9,hit,-0.36320771
7,6,9,stand,-0.50284527
7,6,9,double,-0.74459619
7,6,10,hit,-0.37619351
7,6,10,stand,-0.48332442
7,6,10,double,-0.75238702
7,7,7,hit,-0.38922719
7,7,7,stand,-0.50195646
7,7,7,double,-0.82301245
7,7,8,hit,-0.32411364
7,7,8,stand,-0.50138501
7,7,8,double,-0.66603105
7,7,9,hit,-0.37494505
7,7,9,stand,-0.50732685
7,7,9,double,-0.74989011
7,7,10,hit,-0.45196269
7,7,10,stand,-0.12128740
7,7,10,double,-0.90392537
7,8,8,hit,-0.37356095
7,8,8,stand,-0.50251424
7,8,8,double,-0.74712191
7,8,9,hit,-0.44881929
7,8,9,stand,-0.12289962
7,8,9,double,-0.89763857
7,8,10,hit,-0.56725862
7,8,10,stand,0.38874598
7,8,10,double,-1.13451725
7,9,9,hit,-0.56604855
7,9,9,stand,0.40106010
7,9,9,double,-1.13209710
7,9,10,hit,-0.69854587
7,9,10,stand,0.61012049
7,9,10,double,-1.39709174
7,10,10,hit,-0.84302601
7,10,10,stand,0.76467655
7,10,10,double,-1.68605202
8,1,1,hit,0.09305973
8,1,1,stand,-0.49970023
8,1,1,double,-0.29564825
8,1,2,hit,0.03912860
8,1,2,stand,-0.50768523
8,1,2,double,-0.31238715
8,1,3,hit,0.03504723
8,1,3,stand,-0.50509190
8,1,3,double,-0.25421407
8,1,4,hit,-0.03547118
8,1,4,stand,-0.51449567
8,1,4,double,-0.31413426
8,1,5,hit,-0.08429636
8,1,5,stand,-0.51486868
8,1,5,double,-0.33254970
8,1,6,hit,-0.06489592
8,1,6,stand,-0.38525421
8,1,6,double,-0.22974350
8,1,7,hit,0.04749993
8,1,7,stand,0.12093106
8,1,7,double,-0.01531449
8,1,8,hit,0.15774665
8,1,8,stand,0.60784000
8,1,8,double,0.19019670
8,1,9,hit,0.17154924
8,1,9,stand,0.78481384
8,1,9,double,0.22978448
8,1,10,hit,0.22120706
8,1,10,stand,0.92813992
8,1,10,double,0.33268135
8,2,2,hit,-0.14087808
8,2,2,stand,-0.51491658
8,2,2,double,-1.02983315
8,2,3,hit,-0.18062883
8,2,3,stand,-0.51272249
8,2,3,double,-1.02544497
8,2,4,hit,-0.23390993
8,2,4,stand,-0.52215521
8,2,4,double,-1.02313227
8,2,5,hit,-0.21753198
8,2,5,stand,-0.52245907
8,2,5,double,-0.85346034
8,2,6,hit,-0.05592817
8,2,6,stand,-0.52492742
8,2,6,double,-0.43713466
8,2,7,hit,0.10759355
8,2,7,stand,-0.52833984
8,2,7,double,0.00736234
8,2,8,hit,0.20728767
8,2,8,stand,-0.53406400
8,2,8,double,0.29447404
8,2,9,hit,0.21525632
8,2,9,stand,-0.51355750
8,2,9,double,0.32773060
8,2,10,hit,-0.27447335
8,2,10,stand,-0.51735690
8,2,10,double,-0.62585505
8,3,3,hit,-0.23070317
8,3,3,stand,-0.51041948
8,3,3,double,-0.99966045
8,3,4,hit,-0.22796587
8,3,4,stand,-0.51988613
8,3,4,double,-0.84858313
8,3,5,hit,-0.05649999
8,3,5,stand,-0.52017147
8,3,5,double,-0.42818458
8,3,6,hit,0.11752214
8,3,6,stand,-0.52369854
8,3,6,double,0.01419862
8,3,7,hit,0.21713906
8,3,7,stand,-0.52607705
8,3,7,double,0.32686350
8,3,8,hit,0.22026606
8,3,8,stand,-0.53184489
8,3,8,double,0.32997521
8,3,9,hit,-0.31614313
8,3,9,stand,-0.51134312
8,3,9,double,-0.70370034
8,3,10,hit,-0.32823486
8,3,10,stand,-0.51517869
8,3,10,double,-0.70564000
8,4,4,hit,-0.05435910
8,4,4,stand,-0.52926090
8,4,4,double,-0.44706181
8,4,5,hit,0.10848545
8,4,5,stand,-0.53061762
8,4,5,double,0.00073854
8,4,6,hit,0.20750645
8,4,6,stand,-0.53307655
8,4,6,double,0.31715270
8,4,7,hit,0.22171209
8,4,7,stand,-0.53547069
8,4,7,double,0.34021334
8,4,8,hit,-0.31922567
8,4,8,stand,-0.54121671
8,4,8,double,-0.71932653
8,4,9,hit,-0.33891113
8,4,9,stand,-0.52079203
8,4,9,double,-0.72411025
8,4,10,hit,-0.35737010
8,4,10,stand,-0.52384964
8,4,10,double,-0.73926169
8,5,5,hit,0.20783847
8,5,5,stand,-0.53085262
8,5,5,double,0.32288466
8,5,6,hit,0.22971390
8,5,6,stand,-0.53329729
8,5,6,double,0.36567220
8,5,7,hit,-0.32098339
8,5,7,stand,-0.53570580
8,5,7,double,-0.71120279
8,5,8,hit,-0.38685229
8,5,8,stand,-0.54152891
8,5,8,double,-0.82913385
8,5,9,hit,-0.37013861
8,5,9,stand,-0.52032626
8,5,9,double,-0.76192789
8,5,10,hit,-0.41796520
8,5,10,stand,-0.52423420
8,5,10,double,-0.84414848
8,6,6,hit,-0.32170666
8,6,6,stand,-0.53577069
8,6,6,double,-0.71135350
8,6,7,hit,-0.39437309
8,6,7,stand,-0.53833338
8,6,7,double,-0.84290801
8,6,8,hit,-0.36909154
8,6,8,stand,-0.54260055
8,6,8,double,-0.77454486
8,6,9,hit,-0.42073267
8,6,9,stand,-0.52309858
8,6,9,double,-0.85558906
8,6,10,hit,-0.42482255
8,6,10,stand,-0.52700652
8,6,10,double,-0.84964510
8,7,7,hit,-0.40789252
8,7,7,stand,-0.53934012
8,7,7,double,-0.85786497
8,7,8,hit,-0.37955435
8,7,8,stand,-0.54530798
8,7,8,double,-0.77737913
8,7,9,hit,-0.42779026
8,7,9,stand,-0.52580600
8,7,9,double,-0.85558052
8,7,10,hit,-0.47380250
8,7,10,stand,-0.39423991
8,7,10,double,-0.94760500
8,8,8,hit,-0.42631501
8,8,8,stand,-0.55127583
8,8,8,double,-0.85263003
8,8,9,hit,-0.47529641
8,8,9,stand,-0.41489875
8,8,9,double,-0.95059282
8,8,10,hit,-0.56513697
8,8,10,stand,0.09552972
8,8,10,double,-1.13027393
8,9,9,hit,-0.56626477
8,9,9,stand,0.06451787
8,9,9,double,-1.13252955
8,9,10,hit,-0.69733057
8,9,10,stand,0.57682828
8,9,10,double,-1.39466113
8,10,10,hit,-0.84272742
8,10,10,stand,0.78325089
8,10,10,double,-1.68545484
9,1,1,hit,-0.00248762
9,1,1,stand,-0.51099595
9,1,1,double,-0.42060764
9,1,2,hit,-0.01371807
9,1,2,stand,-0.51719796
9,1,2,double,-0.37268211
9,1,3,hit,-0.05966006
9,1,3,stand,-0.52676404
9,1,3,double,-0.39352541
9,1,4,hit,-0.11329456
9,1,4,stand,-0.52634844
9,1,4,double,-0.42178435
9,1,5,hit,-0.16641240
9,1,5,stand,-0.52548153
9,1,5,double,-0.45203841
9,1,6,hit,-0.13467379
9,1,6,stand,-0.40706956
9,1,6,double,-0.34524419
9,1,7,hit,-0.08695752
9,1,7,stand,-0.17883186
9,1,7,double,-0.25449664
9,1,8,hit,0.00501978
9,1,8,stand,0.28794573
9,1,8,double,-0.06020742
9,1,9,hit,0.09653262
9,1,9,stand,0.76563469
9,1,9,double,0.11051617
9,1,10,hit,0.14886370
9,1,10,stand,0.93596715
9,1,10,double,0.21648953
9,2,2,hit,-0.22198639
9,2,2,stand,-0.52345498
9,2,2,double,-1.04690996
9,2,3,hit,-0.26209586
9,2,3,stand,-0.53295368
9,2,3,double,-1.06590737
9,2,4,hit,-0.30372645
9,2,4,stand,-0.53252928
9,2,4,double,-1.04530907
9,2,5,hit,-0.28381235
9,2,5,stand,-0.53159457
9,2,5,double,-0.92627742
9,2,6,hit,-0.20831662
9,2,6,stand,-0.53650281
9,2,6,double,-0.69158555
9,2,7,hit,-0.05238358
9,2,7,stand,-0.54054644
9,2,7,double,-0.27406156
9,2,8,hit,0.12080350
9,2,8,stand,-0.52005002
9,2,8,double,0.17442780
9,2,9,hit,0.14260091
9,2,9,stand,-0.52386357
9,2,9,double,0.21384003
9,2,10,hit,-0.34435087
9,2,10,stand,-0.52748204
9,2,10,double,-0.74553098
9,3,3,hit,-0.30936592
9,3,3,stand,-0.54245309
9,3,3,double,-1.06528827
9,3,4,hit,-0.30364826
9,3,4,stand,-0.54200997
9,3,4,double,-0.94616373
9,3,5,hit,-0.21699130
9,3,5,stand,-0.54214664
9,3,5,double,-0.70293341
9,3,6,hit,-0.05106964
9,3,6,stand,-0.54595561
9,3,6,double,-0.28968882
9,3,7,hit,0.11756873
9,3,7,stand,-0.55004418
9,3,7,double,0.15370474
9,3,8,hit,0.14006137
9,3,8,stand,-0.52956213
9,3,8,double,0.21520848
9,3,9,hit,-0.39217141
9,3,9,stand,-0.53341658
9,3,9,double,-0.84036424
9,3,10,hit,-0.35883180
9,3,10,stand,-0.53625708
9,3,10,double,-0.75213767
9,4,4,hit,-0.20434090
9,4,4,stand,-0.54263823
9,4,4,double,-0.70108744
9,4,5,hit,-0.05063280
9,4,5,stand,-0.54165317
9,4,5,double,-0.27896116
9,4,6,hit,0.11749154
9,4,6,stand,-0.54547232
9,4,6,double,0.16463271
9,4,7,hit,0.14950467
9,4,7,stand,-0.54954537
9,4,7,double,0.22472922
9,4,8,hit,-0.39381332
9,4,8,stand,-0.52914041
9,4,8,double,-0.83373443
9,4,9,hit,-0.36518415
9,4,9,stand,-0.53221689
9,4,9,double,-0.75867701
9,4,10,hit,-0.41351978
9,4,10,stand,-0.53590773
9,4,10,double,-0.83939354
9,5,5,hit,0.12034523
9,5,5,stand,-0.54066811
9,5,5,double,0.17455262
9,5,6,hit,0.15195978
9,5,6,stand,-0.54450792
9,5,6,double,0.23991095
9,5,7,hit,-0.38955892
9,5,7,stand,-0.54865806
9,5,7,double,-0.82605115
9,5,8,hit,-0.41258232
9,5,8,stand,-0.52747512
9,5,8,double,-0.84760200
9,5,9,hit,-0.42585794
9,5,9,stand,-0.53140195
9,5,9,double,-0.85983288
9,5,10,hit,-0.47525628
9,5,10,stand,-0.53509279
9,5,10,double,-0.95192386
9,6,6,hit,-0.38624174
9,6,6,stand,-0.54850191
9,6,6,double,-0.81736416
9,6,7,hit,-0.41848416
9,6,7,stand,-0.55109611
9,6,7,double,-0.86938958
9,6,8,hit,-0.43718684
9,6,8,stand,-0.53161385
9,6,8,double,-0.88788075
9,6,9,hit,-0.47966092
9,6,9,stand,-0.53554068
9,6,9,double,-0.96680447
9,6,10,hit,-0.47930638
9,6,10,stand,-0.53923151
9,6,10,double,-0.95861275
9,7,7,hit,-0.47465410
9,7,7,stand,-0.55539098
9,7,7,double,-0.97823770
9,7,8,hit,-0.44318212
9,7,8,stand,-0.53590873
9,7,8,double,-0.89355816
9,7,9,hit,-0.48203746
9,7,9,stand,-0.53983555
9,7,9,double,-0.96407492
9,7,10,hit,-0.52645914
9,7,10,stand,-0.41611116
9,7,10,double,-1.05291828
9,8,8,hit,-0.48712393
9,8,8,stand,-0.51642647
9,8,8,double,-0.97424786
9,8,9,hit,-0.53188189
9,8,9,stand,-0.41164555
9,8,9,double,-1.06376379
9,8,10,hit,-0.59322695
9,8,10,stand,-0.19613582
9,8,10,double,-1.18645390
9,9,9,hit,-0.59473234
9,9,9,stand,-0.19637181
9,9,9,double,-1.18946467
9,9,10,hit,-0.69779504
9,9,10,stand,0.26427886
9,9,10,double,-1.39559009
9,10,10,hit,-0.84205546
9,10,10,stand,0.74397013
9,10,10,double,-1.68411093
10,1,1,hit,-0.04684172
10,1,1,stand,-0.53067425
10,1,1,double,-0.46831919
10,1,2,hit,-0.08881656
10,1,2,stand,-0.53870471
10,1,2,double,-0.47899699
10,1,3,hit,-0.12344622
10,1,3,stand,-0.53804281
10,1,3,double,-0.47965457
10,1,4,hit,-0.17042377
10,1,4,stand,-0.53831424
10,1,4,double,-0.49626401
10,1,5,hit,-0.22333699
10,1,5,stand,-0.53731124
10,1,5,double,-0.53669408
10,1,6,hit,-0.18846404
10,1,6,stand,-0.41778253
10,1,6,double,-0.43280434
10,1,7,hit,-0.13866540
10,1,7,stand,-0.18618731
10,1,7,double,-0.32134059
10,1,8,hit,-0.08553607
10,1,8,stand,0.06431310
10,1,8,double,-0.22437309
10,1,9,hit,0.00864682
10,1,9,stand,0.55455094
10,1,9,double,-0.05203942
10,1,10,hit,0.10468191
10,1,10,stand,0.95833512
10,1,10,double,0.13908256
10,2,2,hit,-0.27510142
10,2,2,stand,-0.54713687
10,2,2,double,-1.09427375
10,2,3,hit,-0.30775656
10,2,3,stand,-0.54637479
10,2,3,double,-1.09274957
10,2,4,hit,-0.34511087
10,2,4,stand,-0.54657842
10,2,4,double,-1.07312176
10,2,5,hit,-0.32202053
10,2,5,stand,-0.54677371
10,2,5,double,-0.95517312
10,2,6,hit,-0.25005298
10,2,6,stand,-0.55101916
10,2,6,double,-0.74515053
10,2,7,hit,-0.15404271
10,2,7,stand,-0.52870084
10,2,7,double,-0.43552133
10,2,8,hit,0.03100776
10,2,8,stand,-0.53285337
10,2,8,double,0.00594990
10,2,9,hit,0.10384741
10,2,9,stand,-0.53679348
10,2,9,double,0.14277619
10,2,10,hit,-0.34661783
10,2,10,stand,-0.53957126
10,2,10,double,-0.73911355
10,3,3,hit,-0.34358542
10,3,3,stand,-0.54567197
10,3,3,double,-1.07126672
10,3,4,hit,-0.33477862
10,3,4,stand,-0.54704222
10,3,4,double,-0.95548260
10,3,5,hit,-0.25083781
10,3,5,stand,-0.54601608
10,3,5,double,-0.73802341
10,3,6,hit,-0.14049500
10,3,6,stand,-0.55031047
10,3,6,double,-0.44454567
10,3,7,hit,0.03028120
10,3,7,stand,-0.52800779
10,3,7,double,0.01448393
10,3,8,hit,0.10918716
10,3,8,stand,-0.53220487
10,3,8,double,0.16225716
10,3,9,hit,-0.38854287
10,3,9,stand,-0.53529785
10,3,9,double,-0.82111669
10,3,10,hit,-0.39309107
10,3,10,stand,-0.53900156
10,3,10,double,-0.81108429
10,4,4,hit,-0.24102524
10,4,4,stand,-0.54719103
10,4,4,double,-0.73899608
10,4,5,hit,-0.13752156
10,4,5,stand,-0.54616489
10,4,5,double,-0.43836949
10,4,6,hit,0.03532209
10,4,6,stand,-0.55044238
10,4,6,double,0.01121855
10,4,7,hit,0.10957081
10,4,7,stand,-0.52822364
10,4,7,double,0.17099053
10,4,8,hit,-0.38585619
10,4,8,stand,-0.53157359
10,4,8,double,-0.80590814
10,4,9,hit,-0.39870172
10,4,9,stand,-0.53559251
10,4,9,double,-0.81890073
10,4,10,hit,-0.44578839
10,4,10,stand,-0.53929621
10,4,10,double,-0.89925561
10,5,5,hit,0.03831916
10,5,5,stand,-0.54513874
10,5,5,double,0.01800547
10,5,6,hit,0.11383169
10,5,6,stand,-0.54950018
10,5,6,double,0.17073734
10,5,7,hit,-0.38454529
10,5,7,stand,-0.52643432
10,5,7,double,-0.79061529
10,5,8,hit,-0.44636234
10,5,8,stand,-0.53071020
10,5,8,double,-0.90961362
10,5,9,hit,-0.45306623
10,5,9,stand,-0.53472911
10,5,9,double,-0.91113544
10,5,10,hit,-0.50109145
10,5,10,stand,-0.53843281
10,5,10,double,-1.00218290
10,6,6,hit,-0.38614912
10,6,6,stand,-0.55216737
10,6,6,double,-0.80385188
10,6,7,hit,-0.45033709
10,6,7,stand,-0.53095336
10,6,7,double,-0.90826975
10,6,8,hit,-0.46476149
10,6,8,stand,-0.53522924
10,6,8,double,-0.93634122
10,6,9,hit,-0.50982672
10,6,9,stand,-0.53924815
10,6,9,double,-1.02393050
10,6,10,hit,-0.50692924
10,6,10,stand,-0.54295185
10,6,10,double,-1.01385849
10,7,7,hit,-0.51481821
10,7,7,stand,-0.50973935
10,7,7,double,-1.03472382
10,7,8,hit,-0.47479369
10,7,8,stand,-0.51401523
10,7,8,double,-0.94958739
10,7,9,hit,-0.51200874
10,7,9,stand,-0.51803414
10,7,9,double,-1.02401747
10,7,10,hit,-0.55670373
10,7,10,stand,-0.41234074
10,7,10,double,-1.11340747
10,8,8,hit,-0.51175520
10,8,8,stand,-0.51829110
10,8,8,double,-1.02351040
10,8,9,hit,-0.55816489
10,8,9,stand,-0.39069069
10,8,9,double,-1.11632977
10,8,10,hit,-0.62279446
10,8,10,stand,-0.15519198
10,8,10,double,-1.24558892
10,9,9,hit,-0.62446472
10,9,9,stand,-0.13328496
10,9,9,double,-1.24892945
10,9,10,hit,-0.71003653
10,9,10,stand,0.10251735
10,9,10,double,-1.42007306
10,10,10,hit,-0.83696897
10,10,10,stand,0.58315368
10,10,10,double,-1.67393794
