N,rank,precision,height_bound,points_ellipsoid,points_qfminim,points_filtered,height_index,height,coefficients,digits_lower,digits_actual
34,2,10000,612418.9767260721,200000.000000000,200002,100005,69,413.485565479542,"(4, -11)",255.829930830330,270
94,2,10000,1243025.8060072528,200000.000000000,200004,99993,189,2359.40204546388,"(3, 14)",1520.83122146368,1537
98,2,10000,1221384.724073038,200000.000000000,199994,100006,559,6785.49140704564,"(21, -5)",4404.06191134960,4420
114,2,10000,581906.9781650314,200000.000000000,200012,100005,36,207.566837565450,"(0, 7)",118.533324344124,136
144,2,10000,885839.18549289,200000.000000000,199994,99994,16,130.656403386896,"(5, 2)",67.8219127527772,86
152,2,10000,978409.1332107455,200000.000000000,199991,99991,208,1992.24616512297,"(3, 15)",1280.39826781203,1298
160,2,10000,638374.4131210721,200000.000000000,200011,100003,1126,7186.88993734462,"(3, 34)",4664.27229803720,4682
166,2,10000,1132169.7536443477,200000.000000000,200005,99996,414,4660.03983641973,"(29, 4)",3018.08078626236,3037
214,2,10000,1115674.7237884018,200000.000000000,200014,100007,57,634.559836600110,"(11, -5)",395.053325750158,414
228,2,10000,1557721.2431625824,200000.000000000,199994,100013,48,733.461781258306,"(-6, 7)",459.317052530083,478
244,2,10000,853718.1208274225,200000.000000000,200007,100000,172,1461.33535713979,"(-13, 5)",933.307538946830,952
258,2,10000,1524394.7699040677,200000.000000000,200008,99999,419,6396.63594235893,"(17, 10)",4148.22287571092,4167
268,2,10000,1759995.2864295582,200000.000000000,199984,99994,95,1670.73706011482,"(-7, 5)",1069.47607529548,1089
300,2,10000,708917.0933304172,200000.000000000,199997,100007,916,6496.94041148904,"(13, 35)",4213.17238259855,4233
384,2,10000,1629023.599028757,200000.000000000,200007,100003,1786,29093.8375803634,"(29, 43)",18933.0907456467,18953
406,2,10000,2141846.247094792,200000.000000000,200003,99990,3339,71564.0140612569,"(-103, 1)",46599.7905134554,46620
424,3,10000,13211.57990438694,200000.000000000,199980,100013,34,65.1221070359963,"(1, 2, 1)",22.3161176448803,43
426,2,10000,2051241.4896885257,200000.000000000,200013,100012,5550,113884.514179091,"(12, -83)",74169.0047209042,74189
466,2,10000,1957467.6192984104,200000.000000000,199993,99988,85,1672.05577903256,"(-11, 8)",1068.89363708325,1089
486,2,10000,3685534.1877876027,200000.000000000,200004,99992,2119,78101.8921968590,"(49, -31)",50858.3684485132,50879
506,2,10000,1729839.6989051998,200000.000000000,199994,99996,2179,37712.3772587881,"(-43, 20)",24546.8481664980,24567
556,2,10000,2505059.2618518,200000.000000000,199991,100000,263,6573.30433383557,"(-19, 4)",4261.31130651475,4282
580,2,10000,1560767.5569017895,200000.000000000,199987,99988,4191,65447.0866200493,"(79, 42)",42614.0393508169,42635
582,2,10000,1135144.8858620427,200000.000000000,199996,99987,2606,29518.5013774547,"(-63, 3)",19208.6509106962,19230
592,2,10000,1327388.0665874702,200000.000000000,200006,100004,59,776.765441100043,"(1, -10)",485.040542144971,506
604,2,10000,2875118.5522480896,200000.000000000,199994,99999,1258,36246.3155624842,"(9, 20)",23591.3330907155,23613
618,2,10000,1059451.5119963351,200000.000000000,199984,100003,2770,29341.9880557350,"(25, 45)",19093.5063753457,19115
620,2,10000,1212572.4258825656,200000.000000000,199991,99986,1009,12268.3590607667,"(-31, 27)",7971.02366819205,7992
624,2,10000,1299809.0137316224,200000.000000000,199993,100001,598,7828.75683561999,"(9, 28)",5078.86478845106,5100
658,2,10000,3657268.4780120146,200000.000000000,200001,100004,2567,93790.8671275470,"(51, 20)",61078.0317694414,61099
676,2,10000,1525067.0886826299,200000.000000000,199998,99995,325,4912.08426293349,"(-9, 18)",3178.61401005904,3200
706,2,10000,1353551.7822794016,200000.000000000,199994,99990,3834,51841.9723319533,"(-37, -74)",33750.5879990972,33773
760,2,10000,1328859.0060998644,200000.000000000,199992,100004,2631,34985.5647560510,"(53, 16)",22769.4287533600,22791
782,2,10000,2606509.4440845284,200000.000000000,199992,99995,4076,106351.913819280,"(67, 46)",69260.3717820077,69282
816,2,10000,815886.6326682772,200000.000000000,200005,99994,413,3387.73371843130,"(21, 11)",2185.09800433689,2207
826,2,10000,2462211.755109997,200000.000000000,200000,100009,3353,82567.5391652274,"(5, 43)",53766.0951405804,53789
874,2,10000,2761059.8498002165,200000.000000000,199985,99986,1651,45483.5827818220,"(-39, 19)",29607.9115155877,29630
940,2,10000,863083.6204299476,200000.000000000,200004,100011,2558,22069.1526571518,"(41, 48)",14354.5851169817,14377
970,2,10000,2909005.4564038375,200000.000000000,199991,100006,536,15524.0249457455,"(35, 23)",10090.7339810739,10113
982,2,10000,1581297.8443102562,200000.000000000,199991,99988,590,9241.74384607159,"(23, -11)",5998.16191952259,6020
994,2,10000,4491565.257013592,200000.000000000,199990,99999,504,22606.6825068075,"(-27, 2)",14704.6089371425,14727
1014,2,10000,1051620.10414312,200000.000000000,199999,99995,136,1409.02148287914,"(7, 11)",895.516209797305,918
1020,2,10000,2214413.6803823654,200000.000000000,199993,99988,9243,204494.123301009,"(-119, 26)",133193.609451057,133216
1104,2,10000,2000377.9351261116,200000.000000000,199988,99989,4339,86724.5952892889,"(11, 47)",56473.4190098870,56498
1120,2,10000,3386353.4651066316,200000.000000000,200000,99996,1686,57011.4130444537,"(-55, 18)",37116.9748831149,37140
1136,2,10000,1276087.2897912322,200000.000000000,199988,99980,3159,40445.8583049174,"(53, -46)",26325.4444016924,26348
1218,2,10000,3284461.142456051,200000.000000000,199990,100003,16137,530326.302184047,"(-69, 116)",345453.823141483,345477
1248,2,10000,2474501.87624591,200000.000000000,200007,100003,756,18819.1801473845,"(19, -24)",12236.6789055973,12260
1336,3,10000,25283.64501602829,200000.000000000,200044,100020,2551,2183.89274381294,"(-1, 15, 4)",1399.58106799190,1423
1410,2,10000,2585166.354452844,200000.000000000,200009,100011,27759,717307.248966790,"(115, 72)",467260.631823724,467284
1420,2,10000,3348982.0225894623,200000.000000000,200002,100000,11614,388747.846315275,"(-109, 86)",253223.310084861,253247
1486,2,10000,6055131.419112079,800000.0,799958,399968,389472,5.89584841646076e6,"(257, 545)",3.84077827505272e6,3840802
1564,2,10000,2325922.579897878,200000.000000000,200011,100003,6185,143953.799256213,"(85, 52)",93754.0026336612,93778
1592,2,10000,3415520.6359978863,200000.000000000,200009,100009,2110,72049.1135310326,"(28, 55)",46912.2440456231,46936
1644,2,10000,1672136.6427752739,200000.000000000,199994,100000,12852,214918.288156414,"(91, -37)",139983.101553937,140007
1674,2,10000,2670080.054991042,200000.000000000,200001,100012,3096,82582.8194396173,"(19, 66)",53774.2086964166,53798
1688,2,10000,1614530.2121887715,200000.000000000,200015,100007,5808,93824.9565204859,"(45, 54)",61097.7841430165,61122
1748,2,10000,2971413.0195078067,200000.000000000,199994,100000,24868,738771.416009475,"(65, 137)",481242.725847761,481267
1764,2,10000,2738785.711867981,200000.000000000,199992,100002,1995,54510.1936480283,"(53, 16)",35486.3925269208,35511
1766,3,10000,17744.883688932092,200000.000000000,200047,100023,9960,3816.07228339757,"(7, 28, 11)",2462.12381382078,2486
1984,2,10000,2730431.871377426,200000.000000000,200013,100022,16087,439406.240880321,"(-185, 14)",286223.430397435,286248
2058,2,10000,4324101.420567546,200000.000000000,200003,100005,2427,104937.338332474,"(25, -48)",68336.3368580701,68361
2082,2,10000,2608927.0264222883,200000.000000000,200003,99992,1636,42652.1226222297,"(91, 12)",27761.1184152727,27785
2156,2,10000,4887773.378069063,200000.000000000,199998,100000,1597,78011.3799298907,"(15, -46)",50795.5229064563,50820
2166,2,10000,19327313.215598308,1600000.0,1600001,799995,,,,,
2302,2,10000,2157209.5764092314,200000.000000000,199989,99992,1130,24383.2559952623,"(15, 26)",15859.7547176304,15884
2356,2,10000,3345008.1066140397,200000.000000000,200004,99995,5663,189313.583412278,"(91, 63)",123302.190941389,123327
2382,2,10000,1514926.5564473076,200000.000000000,200006,99998,8336,126290.278140922,"(-81, 74)",82246.1517765821,82271
2414,2,10000,1773132.0516474098,200000.000000000,200010,100001,10274,182192.346633599,"(127, 105)",118663.056813551,118689
2416,2,10000,4480678.247188673,200000.000000000,200004,100003,28878,1.29383141921955e6,"(27, -210)",842831.127293757,842856
2442,2,10000,3289226.6204709643,200000.000000000,200007,100012,8687,285543.091809357,"(92, -1)",185990.014258820,186015
2448,2,10000,1810508.6290711367,200000.000000000,199996,99986,12900,233593.535111613,"(-43, 116)",152147.899147570,152173
2454,2,10000,1449664.8605843324,200000.000000000,200000,100007,6351,91983.7788383537,"(9, 91)",59897.3891689898,59923
2522,2,10000,705832.0240186695,200000.000000000,199996,100005,5208,36731.4087233692,"(25, 31)",23903.6187663259,23930
2536,2,10000,6202356.90909323,200000.000000000,200007,100007,36283,2.25029530271337e6,"(79, 191)",1.46591148109152e6,1465936
2614,2,10000,4640458.9568879325,200000.000000000,200000,100003,1784,82959.3516179087,"(-7, 37)",54018.3361665756,54044
2706,2,10000,2602598.696523116,200000.000000000,199991,100006,1607,41866.5174538854,"(35, 27)",27248.6593485203,27273
2732,2,10000,5122401.8028417155,200000.000000000,200003,100008,13747,704206.135453357,"(-133, 4)",458724.296295721,458749
2744,2,10000,5708255.000784374,200000.000000000,199998,99998,8697,496173.234833188,"(77, 72)",323202.973684749,323228
2756,2,10000,3448664.726610888,200000.000000000,199991,99997,96,3328.01788323750,"(19, 3)",2143.02508344964,2168
2792,2,10000,945000.7524151966,200000.000000000,200005,99998,6996,66084.1785239509,"(91, 88)",43024.9726737891,43051
2818,2,10000,1349415.1318302401,200000.000000000,199999,100002,1077,14467.5217010333,"(-41, 3)",9399.70467160980,9425
2846,2,10000,5354116.525180683,400000.0,399980,199996,107835,2.88685619988826e6,"(441, 192)",1.88059350813530e6,1880619
2866,3,10000,34974.03681211482,200000.000000000,200021,99985,7601,6282.43903621388,"(-28, -1, 1)",4067.55630754650,4093
2974,2,10000,4704622.877592411,200000.000000000,199994,99995,18582,874185.251173081,"(-213, 20)",569455.563127912,569481
3000,2,10000,2141607.4474472585,200000.000000000,199988,99988,2599,55587.7907615606,"(54, -19)",36187.0005110601,36212
3084,2,10000,4318812.781561721,200000.000000000,199996,99989,9541,411565.838996476,"(-131, 28)",268085.881593042,268111
3130,2,10000,3020683.873853942,200000.000000000,200006,100009,15027,453773.256623379,"(193, 46)",295581.515869358,295607
3290,2,10000,3962989.821244235,200000.000000000,199999,99996,3723,147675.593780386,"(85, 19)",96176.5971157047,96202
3310,3,10000,22187.87381334023,200000.000000000,200010,100040,11640,5289.84474104394,"(-11, -6, 21)",3420.56365895879,3446
3322,2,10000,3697056.8270430043,200000.000000000,200003,99995,6021,222799.324553741,"(87, 17)",145115.304495604,145141
3376,2,10000,3224365.8360510026,200000.000000000,199985,99998,38768,1.24987139427285e6,"(393, 59)",814192.861072688,814219
3442,2,10000,3338049.114664953,200000.000000000,200000,99998,21176,706921.864195659,"(-78, 151)",460492.833325387,460519
3462,2,10000,1689436.4334776993,200000.000000000,199997,99997,14805,250158.311645452,"(41, -178)",162937.982617580,162964
3480,2,10000,1831807.0746039797,200000.000000000,199992,100005,16529,302662.026260120,"(123, -40)",197141.079409358,197167
3532,2,10000,2572585.771177442,200000.000000000,200000,100008,14653,376892.960176500,"(111, -156)",245498.168240266,245524
3544,2,10000,1776905.8091594924,200000.000000000,200005,100001,623,11143.9630039068,"(25, 4)",7234.00255159776,7260
3546,2,10000,2679596.07227578,200000.000000000,199980,99990,34238,917483.206909050,"(107, 91)",597661.199622043,597687
3628,2,10000,3255017.2298902175,200000.000000000,199996,99994,4857,158116.848239160,"(-97, 42)",102978.211080812,103004
3664,2,10000,2433701.247960582,200000.000000000,200001,99994,2167,52774.0077385698,"(-55, 8)",34353.4638455615,34380
3678,3,10000,39952.60804958741,200000.000000000,199998,99984,287,813.262314748892,"(-1, -7, 1)",504.056388284519,529
3714,2,10000,2176557.4531668876,200000.000000000,199997,100003,11679,254228.851341174,"(30, -123)",165589.518920896,165617
3730,2,10000,4706109.238141753,200000.000000000,200001,100000,16809,790967.131005653,"(101, 150)",515243.217346093,515269
3910,2,10000,2034566.704413289,200000.000000000,200016,100011,19275,392198.405044323,"(-71, 83)",255468.508677646,255495
3932,3,10000,31276.35199187523,200000.000000000,199985,99972,267,595.029509308623,"(-5, 3, -2)",361.716422819509,388
4002,3,10000,37309.14105351194,200000.000000000,200033,100012,23511,14207.2199509777,"(-3, -4, 22)",9229.21923451830,9255
4090,2,10000,3276433.025255792,200000.000000000,200011,99998,2258,73801.4510591177,"(41, -43)",48051.3311424745,48078
4106,2,10000,1786257.952338988,200000.000000000,200010,100004,4391,78349.4493807413,"(-21, 59)",51014.0768308319,51040
4164,2,10000,2903399.1287906053,200000.000000000,199990,100006,18295,530961.964447860,"(-125, 82)",345864.716881180,345891
4170,2,10000,4104194.4095297963,200000.000000000,199988,99985,11608,476698.190736308,"(87, 17)",310515.026893914,310542
4234,2,10000,4005148.5492451596,200000.000000000,199980,99977,9426,377386.952204820,"(-107, -117)",245819.502877319,245846
4246,2,10000,3568358.925947933,200000.000000000,199999,100002,88150,3.14556784948823e6,"(-171, 211)",2.04912802840277e6,2049154
4294,2,10000,3237657.4986091973,200000.000000000,200015,99998,10322,334251.154564519,"(121, 68)",217719.007878682,217746
4434,2,10000,3714824.102742709,200000.000000000,199997,99995,16733,621242.084608688,"(13, -195)",404676.790188488,404703
4450,2,10000,1295961.891067407,200000.000000000,200000,100007,35100,454970.859684159,"(-61, 167)",296360.767576529,296387
4512,2,10000,1327134.5463040352,200000.000000000,199996,99993,8616,114316.550909777,"(111, 7)",74444.3017161273,74471
4534,3,10000,24040.242211673158,200000.000000000,199982,99988,6866,4032.01654508860,"(21, 16, 7)",2600.34197079812,2627
4548,2,10000,5233356.563092955,200000.000000000,199996,100001,5301,277388.778568369,"(95, 38)",180676.333943633,180703
4638,2,10000,4997917.497856776,200000.000000000,200006,99991,25523,1.27555630996383e6,"(165, 56)",830924.259231964,830951
4696,3,10000,40520.949823528535,200000.000000000,200029,99999,5300,5725.07526693505,"(-9, 2, 15)",3703.17958201755,3730
4798,2,10000,4129892.667582009,200000.000000000,200000,99993,7727,318921.975521812,"(77, 29)",207732.651883930,207760
4834,2,10000,3658362.980189141,200000.000000000,200000,100008,34117,1.24825775548621e6,"(189, 157)",813140.734016201,813168
4974,3,10000,33890.358475029505,200000.000000000,199979,99990,18441,10977.5305388877,"(-15, -16, 15)",7124.69822744040,7151
5028,2,10000,14341682.023981942,1600000.0,1599997,800003,,,,,
5070,2,10000,3946724.5325304316,200000.000000000,199998,100002,10984,433818.507694062,"(109, 53)",282580.903065977,282607
5130,2,10000,2994668.0835263366,200000.000000000,200005,100002,4287,128486.731799298,"(-41, 60)",83675.0142783175,83702
5156,2,10000,2268973.7114404803,200000.000000000,200015,100004,1230,27872.4093422462,"(-73, 19)",18130.6335397581,18158
5162,2,10000,5527489.227435842,200000.000000000,200009,100005,1194,66121.6337649288,"(41, 20)",43047.7711649842,43075
5184,2,10000,2449585.3438321403,200000.000000000,200007,100011,20848,510691.429996107,"(-191, 68)",332659.074069109,332686
5216,2,10000,6564420.7311687805,400000.0,400005,200002,120473,3.95413875122479e6,"(-613, 90)",2.57586431353480e6,2575891
5260,2,10000,4124102.837660546,200000.000000000,200011,100004,60920,2.51258307449511e6,"(471, 88)",1.63677477800581e6,1636802
5318,2,10000,4292357.316251336,200000.000000000,200012,100009,24746,1.06250737559028e6,"(-179, -198)",692134.937865732,692162
5366,2,10000,4215529.902222314,200000.000000000,200008,100005,14664,618015.859699493,"(17, 103)",402574.595545447,402601
5382,2,10000,2321353.0444332175,200000.000000000,199997,99992,11084,257269.613267556,"(-175, 17)",167569.431498245,167597
5406,2,10000,3581127.027591184,200000.000000000,199987,99995,16933,606646.271791883,"(283, 87)",395167.952258526,395195
5558,2,10000,7176922.824390323,200000.000000000,199999,100007,63053,4.52478435077793e6,"(-197, 168)",2.94760650056149e6,2947633
5704,2,10000,1826342.2094167827,200000.000000000,199998,99994,3840,70195.5043801638,"(69, 13)",45701.4002881609,45728
5854,2,10000,1731404.7712266257,200000.000000000,199996,99998,30489,527873.128348556,"(-213, 60)",343851.632519050,343878
5922,2,10000,3601084.2284333315,200000.000000000,199995,100003,23635,851097.599484468,"(-169, -201)",554413.508770575,554440
6060,2,10000,3162858.7674221345,200000.000000000,200000,99993,29626,937030.819764470,"(45, 117)",610393.933814920,610422
6092,2,10000,2733423.444968541,200000.000000000,199998,100009,32227,880888.589377057,"(93, 111)",573820.528802806,573848
6158,2,10000,7172470.921849209,400000.0,400003,199995,179748,6.44602189398920e6,"(225, -615)",4.19918052859766e6,4199208
6162,2,10000,3682362.908936152,200000.000000000,199994,99986,61414,2.26109625931438e6,"(165, 181)",1.47294536143350e6,1472972
6302,2,10000,2303645.3506451915,200000.000000000,200006,100012,28771,662988.733986249,"(85, 222)",431871.383286164,431898
6414,2,10000,2933713.9786359156,200000.000000000,199999,100009,46741,1.37144096132407e6,"(-71, 138)",893386.676920151,893414
6444,3,10000,63032.75461495292,200000.000000000,199940,99957,3941,7305.75895698858,"(-19, 14, 3)",4732.07832369358,4760
6702,2,10000,3215827.003947428,200000.000000000,200000,100017,12570,404332.812142345,"(93, 65)",263371.963577407,263400
6730,2,10000,4811847.275594721,200000.000000000,200006,100006,1579,76022.6625846033,"(-49, 9)",49497.0232549246,49524
6748,2,10000,3959431.0548456004,200000.000000000,199996,100004,10010,396494.940107008,"(-87, 120)",258266.028891288,258293
6916,2,10000,1948638.1405654948,200000.000000000,200003,100007,2925,57055.0167255807,"(-47, 41)",37140.6363184995,37168
6966,2,10000,3703784.101882789,200000.000000000,200000,99999,10465,387574.891601482,"(-37, 78)",252455.054274522,252483
6976,3,10000,45135.503094422296,200000.000000000,200014,100025,39914,24465.9235783258,"(-29, -7, 14)",15910.7188234498,15939
6990,2,10000,4393336.8330044495,200000.000000000,199994,99997,73790,3.24130503073973e6,"(3, 237)",2.11149392371540e6,2111521
7358,2,10000,6322632.093506007,200000.000000000,199998,100000,27475,1.73729510258728e6,"(-213, 53)",1.13171897123328e6,1131747
7434,2,10000,7849775.3097178005,200000.000000000,199990,100008,39903,3.13209424413166e6,"(-253, 105)",2.04034930026081e6,2040377
7486,2,10000,3366520.980466217,200000.000000000,200010,99998,37276,1.25491390795461e6,"(263, 26)",817475.689788744,817504
7706,2,10000,2963995.6480232906,200000.000000000,200005,100005,42293,1.25331256954804e6,"(-89, 116)",816432.435663200,816461
7758,2,10000,4824366.9119403465,400000.0,399997,200003,106529,2.56995519930446e6,"(-401, 279)",1.67414836125128e6,1674176
7836,3,10000,45544.72118710875,200000.000000000,200017,99981,10141,9909.15053400574,"(-7, 24, 4)",6427.52658451806,6455
7868,2,10000,4047083.8249903913,200000.000000000,200001,100002,16814,681080.007911739,"(123, 39)",443656.215625110,443684
7982,2,10000,5869062.403289815,200000.000000000,200012,100002,41396,2.42898184021302e6,"(243, 76)",1.58231235915642e6,1582340
7996,2,10000,3766415.2442574496,200000.000000000,199986,100005,18702,704196.991725359,"(151, -99)",458715.541337258,458743
8194,3,10000,34533.16967963464,200000.000000000,200050,100036,68966,26953.6000107151,"(17, 22, -21)",17530.8757075447,17558
8278,2,10000,11279448.588564731,400000.0,399998,199994,106994,6.03374477433868e6,"(-409, 180)",3.93060524056445e6,3930633
8376,3,10000,27703.36895277363,200000.000000000,199997,99963,13354,7235.34677119858,"(-11, 9, 4)",4685.52560125103,4713
8490,2,10000,5903381.237843358,400000.0,400000,200009,158153,4.66813505021975e6,"(-561, 4)",3.04099002324344e6,3041018
8538,3,10000,31948.05688882637,200000.000000000,199985,100006,33205,15318.0591830407,"(21, 17, 28)",9950.89178327118,9979
8560,2,10000,4732146.623241407,200000.000000000,199989,99991,31157,1.47432668332797e6,"(-329, 39)",960409.976850684,960438
8730,2,10000,2466439.9974398953,200000.000000000,200003,99996,2610,64308.6863931036,"(3, 64)",41865.3724281762,41894
8794,2,10000,5329931.227929452,200000.000000000,199991,100008,4873,259735.063817223,"(-85, 5)",169174.249395327,169202
8934,2,10000,9502303.260073917,400000.0,399996,199998,149954,7.12463336742133e6,"(179, 290)",4.64125538636179e6,4641284
9088,2,10000,5629664.9581745025,200000.000000000,200016,100007,40957,2.30590842797311e6,"(209, -26)",1.50213686530966e6,1502165
9126,2,10000,8653078.73963391,200000.000000000,200004,100008,84228,7.28775131615692e6,"(-391, 32)",4.74751716850756e6,4747545
9244,3,10000,56710.94586274903,200000.000000000,200026,100046,20961,19998.1860867731,"(-20, -5, 9)",12999.5146939000,13028
9258,2,10000,3721874.756587882,200000.000000000,200005,100002,83001,3.08913119955627e6,"(311, 286)",2.01236080871581e6,2012390
9336,2,10000,4171248.183885205,200000.000000000,200008,100003,32555,1.35768373060512e6,"(7, -156)",884423.664647560,884453
9452,2,10000,1748098.8933101841,200000.000000000,200006,100016,10369,181190.128728776,"(-41, 102)",118006.613536274,118035
9466,2,10000,4087282.3235336747,200000.000000000,199989,99995,23817,973497.000109660,"(-261, 13)",634148.363001672,634177
9478,2,10000,42282246.35794744,1600000.0,1600020,800003,433222,2.28962781118891e7,"(739, 382)",1.49155626569284e7,14915592
9630,2,10000,3188893.0306784594,200000.000000000,200010,100011,7476,238368.345368466,"(-75, 136)",155254.840878358,155285
9662,2,10000,2892739.7449825564,200000.000000000,200005,100015,48989,1.41698528315399e6,"(187, 67)",923055.080770822,923083
9706,2,10000,3743271.8784932676,200000.000000000,199982,99995,51755,1.93730110294244e6,"(-141, 152)",1.26201050300294e6,1262038
9720,3,10000,40346.09331074165,200000.000000000,199953,100009,84490,36062.6269276228,"(57, 1, 9)",23464.4308739947,23493
9722,2,10000,6261342.787124001,200000.000000000,199999,100009,71153,4.45502860017820e6,"(-229, 113)",2.90216323718932e6,2902192
9744,2,10000,8333631.540109395,400000.0,400015,199994,107445,4.47731877067377e6,"(-141, 210)",2.91668397836973e6,2916712
9890,2,10000,5951356.898452182,200000.000000000,199991,99996,26816,1.59614475988633e6,"(-7, 132)",1.03976697818357e6,1039796
9940,2,10000,2099607.727890277,200000.000000000,200001,99997,6912,145088.736656758,"(-41, 71)",94488.5293113904,94517
9994,2,10000,4020575.826357956,200000.000000000,200006,100009,27237,1.09494410956537e6,"(-315, 177)",713263.935784172,713292
10002,2,10000,3221088.9000821607,200000.000000000,200013,99999,4204,135547.080172258,"(-119, 33)",88272.6799694435,88302
10104,2,10000,2433920.4545451505,200000.000000000,199983,99987,4119,100311.069831662,"(-53, -97)",65318.4462477098,65347
10138,2,10000,2849364.4825678035,200000.000000000,199984,99997,16045,457348.745615672,"(159, 90)",297907.676130850,297937
10140,2,10000,3557839.6110516083,200000.000000000,199997,100000,51558,1.83465622581438e6,"(317, 60)",1.19514323341840e6,1195172
10280,2,10000,3003725.0169113996,200000.000000000,200006,100000,33802,1.01525762315193e6,"(163, 83)",661352.760264133,661382
10306,2,10000,3997023.373645406,200000.000000000,199994,99990,20902,835493.415422211,"(-165, 101)",544246.848490903,544276
10316,2,10000,4270189.648162258,200000.000000000,200000,100001,23570,1.00629724816600e6,"(-189, 131)",655515.589036564,655544
10428,2,10000,2653299.503077641,200000.000000000,200003,99999,5330,141474.187022121,"(113, 68)",92133.7359822298,92162
10510,2,10000,4994560.8583920505,200000.000000000,199997,100008,17867,892469.071296577,"(235, 1)",581363.116839019,581392
10630,2,10000,2918058.4599049645,200000.000000000,200007,100000,34001,992669.232829486,"(-361, 79)",646637.653115064,646666
10716,2,10000,12617997.40285706,800000.0,800000,400006,265561,8.37686531847294e6,"(-701, 53)",5.45701105204823e6,5457040
10812,2,10000,7413520.4682790255,400000.0,400018,200022,138553,5.13566115547535e6,"(207, 223)",3.34555540474069e6,3345584
10924,3,10000,27057.852131938587,200000.000000000,199980,99960,6592,4416.28141112609,"(-9, -19, 2)",2848.37673610811,2877
10954,2,10000,2660019.9820071994,200000.000000000,199996,99994,60748,1.61578071213389e6,"(253, 32)",1.05255839048694e6,1052587
11078,2,10000,5937044.521620609,200000.000000000,199988,100004,35353,2.09883874134218e6,"(101, -133)",1.36724251594153e6,1367272
11134,3,10000,30279.182044477613,200000.000000000,199930,99940,27065,12668.1107171709,"(8, -7, 19)",8223.91301878930,8252
11158,2,10000,2773269.9301043735,200000.000000000,200004,99996,85900,2.38196847256504e6,"(493, 173)",1.55168501709081e6,1551713
11264,2,10000,1878071.0870174104,200000.000000000,199990,99998,68510,1.28687674444526e6,"(217, 129)",838296.550402626,838326
11416,2,10000,4284987.890522315,200000.000000000,200008,100009,97962,4.19803211104982e6,"(-461, 113)",2.73474458299381e6,2734773
11472,2,10000,4757167.510458242,200000.000000000,199989,99994,14829,705441.462842241,"(51, 93)",459525.301147566,459554
11510,2,10000,20691779.057206277,800000.0,800027,400020,315452,1.63188773697590e7,"(477, -557)",1.06307688794165e7,10630798
11566,2,10000,5265779.700944665,200000.000000000,200008,99991,57001,3.00148235649085e6,"(199, -70)",1.95526211538697e6,1955291
11610,2,10000,5102569.105509366,200000.000000000,200007,99998,11739,598778.499589030,"(81, -76)",390040.565442599,390070
11622,2,10000,4991721.114064071,200000.000000000,200005,100005,40069,2.00090811871646e6,"(179, 178)",1.30344629750092e6,1303475
11688,2,10000,2658328.5732963197,200000.000000000,200002,100007,12709,337752.816093603,"(55, 46)",219997.527029067,220027
11710,2,10000,3319407.0410610507,200000.000000000,200008,100008,45428,1.50802022750745e6,"(365, 87)",982358.540821271,982387
11826,2,10000,8337988.663140486,200000.000000000,199993,100009,12748,1.06258379038650e6,"(47, 105)",692182.635114979,692212
11994,2,10000,3892511.872812802,200000.000000000,200007,100005,75584,2.94232263648932e6,"(-193, 218)",1.91672291078042e6,1916752
12042,2,10000,2085576.1284851695,200000.000000000,199996,99995,9707,202390.488331021,"(89, 4)",131816.781271244,131846
12192,2,10000,5264193.361943347,200000.000000000,200008,99999,30073,1.58283591528483e6,"(-227, 119)",1.03109649625518e6,1031125
12436,3,10000,55856.574637868805,200000.000000000,199985,99989,62289,40733.4443334731,"(-15, 32, -5)",26506.5541253117,26536
12452,2,10000,2365988.6135171494,200000.000000000,200002,100004,33524,793035.416816909,"(69, 162)",516587.443836652,516616
12542,3,10000,55422.35725792349,200000.000000000,199990,100000,37388,28757.4158410891,"(0, -1, 19)",18704.8473747756,18734
12660,3,10000,27006.864133752333,200000.000000000,200019,100018,58488,18893.9444329403,"(33, 12, 37)",12279.3461658658,12309
12886,3,10000,57213.0347594988,200000.000000000,199998,100020,14526,15822.9391704907,"(25, -2, -12)",10278.7191002713,10308
13234,2,10000,2037646.1490611807,200000.000000000,200001,100009,45970,936905.558948100,"(151, -182)",610310.298381861,610340
13284,3,10000,81257.05195941436,200000.000000000,200026,100042,39618,43831.5209209402,"(-21, 6, 12)",28524.5985860663,28554
13290,2,10000,5723894.766248528,200000.000000000,199987,99999,33111,1.89523589052040e6,"(11, 141)",1.23460664964230e6,1234636
13376,2,10000,6368103.940160347,200000.000000000,199997,100003,31418,2.00101157163212e6,"(-209, 25)",1.30351332477419e6,1303543
13502,4,10000,3437.965887060427,200000.000000000,199963,100021,34801,2028.09331273663,"(1, 8, -7, 9)",1292.05926831866,1322
13538,2,10000,4373562.073976902,200000.000000000,200000,100008,25768,1.12651916584201e6,"(-19, 160)",733832.453953281,733862
13738,2,10000,4097406.3174121412,200000.000000000,200011,100010,43861,1.79694203343103e6,"(21, -266)",1.17057384364277e6,1170604
13810,2,10000,3305605.3535195943,200000.000000000,199996,99992,4873,160866.635692782,"(-51, 61)",104766.054198683,104796
13822,2,10000,5255024.246194,200000.000000000,199998,100010,26627,1.39879130518309e6,"(-155, 65)",911201.831392747,911231
13878,2,10000,3982590.366539759,200000.000000000,199994,99998,54204,2.15923823860938e6,"(115, 214)",1.40658868130771e6,1406619
13892,2,10000,21192564.749007754,800000.0,800022,400009,237520,1.25830319827212e7,"(-631, 266)",8.19708283402847e6,8197112
13946,2,10000,5341160.506956762,400000.0,400006,200016,109316,2.91948999157421e6,"(94, 285)",1.90184838032589e6,1901879
13998,2,10000,4822009.538239415,200000.000000000,199999,100003,35668,1.72008357872298e6,"(-15, 157)",1.12050499063693e6,1120534
14100,3,10000,65841.61070118312,200000.000000000,200017,99990,43021,37509.6665296391,"(-5, -10, -28)",24406.1235282851,24436
14242,2,10000,8082512.024031155,400000.0,399994,200001,188647,7.62331482601712e6,"(611, -279)",4.96611607975502e6,4966145
14466,2,10000,5243645.177844796,200000.000000000,199992,100006,24329,1.27569353949710e6,"(167, 71)",831010.692169245,831040
14496,2,10000,10131143.795305535,400000.0,400018,200002,100576,5.09442144121344e6,"(-411, 3)",3.31868937017901e6,3318719
14524,3,10000,79719.15913603442,400000.0,400036,200024,111650,54050.2541000584,"(43, 30, 21)",35181.2751894255,35211
14582,2,10000,9896296.60021773,800000.0,800007,399992,253964,6.28328239167248e6,"(377, -417)",4.09316298056745e6,4093194
14856,2,10000,3611697.10715648,200000.000000000,200000,99987,25756,930020.934235105,"(207, 16)",605825.065333056,605854
14908,3,10000,48062.23726638847,200000.000000000,199974,100002,807,1940.40991688376,"(1, 10, 1)",1234.68051817593,1264
15010,3,10000,43423.03862589405,200000.000000000,199905,99927,93574,41537.9904941933,"(55, 14, -6)",27030.1788624944,27059
15254,2,10000,3935869.2904028934,200000.000000000,200015,100010,8327,327631.281052336,"(13, 56)",213403.242942613,213433
15342,2,10000,3958848.746278033,400000.0,399984,199982,105970,2.09738780863220e6,"(243, -446)",1.36629646931349e6,1366326
15364,2,10000,22847002.39763968,1600000.0,1599994,799994,769225,2.19683015012805e7,"(1383, 10)",1.43110387162189e7,14311068
15458,2,10000,3108477.7435755525,200000.000000000,200000,99996,33620,1.04493778710549e6,"(-157, 244)",680686.594443524,680717
15504,3,10000,184832.34473198894,800000.0,800037,400018,219905,124045.940437398,"(113, 97, 11)",80779.2155443149,80809
15542,2,10000,2382099.5113328467,200000.000000000,200009,100011,47980,1.14284407452022e6,"(21, 320)",744466.820873691,744497
15726,2,10000,23713935.557790637,800000.0,799991,399988,276289,1.63805567938300e7,"(633, -590)",1.06709486164403e7,10670978
16024,2,10000,2346274.9094495107,200000.000000000,199997,99993,16750,393152.483616125,"(-195, 79)",256086.359701126,256116
16144,3,10000,49825.9406428783,200000.000000000,199957,99973,25862,20237.1583270926,"(21, -27, 5)",13153.7382745758,13184
16258,2,10000,8437873.0864495,200000.000000000,199998,99998,43724,3.68945869053430e6,"(-287, 38)",2.40343771641603e6,2403468
16384,2,10000,3200680.1816521776,200000.000000000,200005,99996,60710,1.94298165081222e6,"(-349, 131)",1.26570968461607e6,1265739
16530,2,10000,5119976.081778822,200000.000000000,200004,100001,17264,883894.253107535,"(-117, 114)",575775.942483958,575806
16600,2,10000,4722604.487022221,200000.000000000,200005,100012,6575,310194.543118451,"(59, -54)",202044.003995918,202073
16878,2,10000,4530272.130940847,200000.000000000,200001,99997,2873,129932.628810282,"(11, 44)",84613.8286965193,84644
16936,2,10000,6340550.193312993,200000.000000000,200011,100005,52230,3.31170876075838e6,"(-33, 193)",2.15735554489214e6,2157385
16980,2,10000,3876121.598756449,200000.000000000,199986,99993,1830,70820.3132848609,"(65, 11)",46105.5843284775,46136
17034,2,10000,2402836.368186833,200000.000000000,199994,99994,38267,919158.652951635,"(-227, 227)",598748.565611105,598779
17102,2,10000,2258604.180330458,200000.000000000,200007,100005,37345,843584.715266875,"(199, -49)",549516.539061263,549546
17242,2,10000,4645282.903893154,400000.0,399998,200006,129003,2.99640488389626e6,"(-351, 154)",1.95195339746548e6,1951985
17310,2,10000,4397187.71725345,200000.000000000,199996,99993,59749,2.62715817220571e6,"(343, 117)",1.71141067318673e6,1711441
17484,3,10000,41179.42885839758,200000.000000000,200018,100030,73854,33641.5508587936,"(-23, -51, 11)",21885.7110613566,21916
17486,2,10000,10602288.622183857,400000.0,399996,200010,179230,9.50169100581752e6,"(581, 23)",6.18976815977680e6,6189799
17642,3,10000,37517.10124975598,200000.000000000,200014,99992,7199,6496.27190010873,"(-13, -4, 4)",4202.12032701508,4233
17760,2,10000,2818147.56011467,200000.000000000,199990,100000,41601,1.17224023191786e6,"(-325, 10)",763616.356677787,763646
17826,2,10000,3295543.084150414,200000.000000000,200013,100008,63600,2.09597618308819e6,"(105, 182)",1.36537648650553e6,1365406
17830,3,10000,70120.05810061579,400000.0,400012,199979,115369,48590.3508509362,"(-53, 17, -32)",31623.9320195788,31654
18002,2,10000,2414214.871338906,200000.000000000,200005,99999,63350,1.52930037655041e6,"(119, -258)",996220.197193246,996250
18094,3,10000,139560.46142191003,800000.0,800034,400037,202485,88639.1550710204,"(-83, 32, -49)",57713.3557395313,57744
18256,2,10000,10295291.71729266,400000.0,400005,200008,163567,8.41943645398298e6,"(-445, 461)",5.48474227767125e6,5484773
18484,2,10000,3766741.4961619894,200000.000000000,199986,100004,36073,1.35851978057165e6,"(-179, -251)",884966.522667450,884996
18626,2,10000,3658898.8031408847,200000.000000000,200005,100011,83913,3.06998443804532e6,"(287, 298)",1.99988598779549e6,1999917
18910,2,10000,3366003.409755756,200000.000000000,200005,100004,13244,445743.913777069,"(-17, 85)",290346.180049018,290377
19036,2,10000,4994198.3731974475,200000.000000000,200010,100014,948,47432.1686820732,"(33, 25)",30869.2732859972,30899
19186,2,10000,5748121.93643899,400000.0,400010,200004,135075,3.88196402810071e6,"(443, 403)",2.52884329367513e6,2528873
19716,2,10000,3692406.6421731045,400000.0,400002,199995,135371,2.49950995636303e6,"(159, 366)",1.62825496040838e6,1628285
19744,2,10000,5478284.587132009,200000.000000000,199985,99990,98756,5.40988194112799e6,"(-157, 186)",3.52419269661423e6,3524222
20162,3,10000,72081.71752847767,400000.0,400079,200060,148343,59070.4450368547,"(29, 9, 67)",38450.7823381315,38481
20310,3,10000,28201.090428643325,200000.000000000,200042,100032,65840,21335.8882839257,"(19, 36, -64)",13868.8986179603,13899
20346,3,10000,58824.47445593817,200000.000000000,200036,100004,29907,26308.8570973952,"(21, 13, -44)",17108.4933748099,17139
20418,2,10000,5806651.846223508,200000.000000000,199995,100005,36726,2.13263154458437e6,"(-249, 122)",1.38925496459469e6,1389285
20512,2,10000,13807284.367617529,400000.0,399998,200001,135825,9.37692284276180e6,"(-335, 179)",6.10848855677314e6,6108519
20598,2,10000,5520387.605560369,400000.0,399995,199995,126408,3.48922182137557e6,"(59, 284)",2.27299444884459e6,2273025
20800,2,10000,7227067.784801641,200000.000000000,200003,99997,58153,4.20285174468996e6,"(-179, 243)",2.73788273013963e6,2737913
20878,2,10000,4342075.500250959,200000.000000000,199986,99989,6441,279336.109391376,"(3, 78)",181940.935279318,181971
20950,2,10000,3280162.2205232307,200000.000000000,200012,100010,9360,306703.640390413,"(93, 39)",199769.277852811,199799
20964,2,10000,6053723.913882548,200000.000000000,200001,99992,83169,5.03413549073113e6,"(165, -302)",3.27941562537704e6,3279446
21002,2,10000,2738913.4914069427,200000.000000000,199990,100001,2137,58608.2633028619,"(-69, 32)",38149.5915108048,38179
21536,2,10000,7421266.998117377,200000.000000000,200001,100010,74895,5.55849161450198e6,"(-333, 278)",3.62100301189049e6,3621033
21822,2,10000,6540964.902204306,200000.000000000,200004,99991,18140,1.18671891401713e6,"(143, 12)",773047.837579661,773078
22292,2,10000,6367957.343884556,400000.0,399992,199992,103228,3.28658364704608e6,"(155, 220)",2.14098728149934e6,2141018
22422,2,10000,3159207.282297824,200000.000000000,200009,100004,39920,1.26107088211333e6,"(-175, 132)",821483.741095118,821515
22654,2,10000,2995629.101710776,200000.000000000,200008,100005,16068,481221.419134906,"(127, 5)",313457.236541716,313487
22812,2,10000,4151520.9300539764,200000.000000000,199997,100013,199,8120.83278650815,"(-11, 17)",5259.75737646274,5291
22956,3,10000,88262.21440407298,400000.0,399928,199945,114111,60719.6069043214,"(53, -28, 21)",39524.7770107066,39556
23260,2,10000,3062720.833369874,200000.000000000,199998,100002,76380,2.33937425267144e6,"(401, 90)",1.52393545095955e6,1523966
23438,2,10000,16746546.609038197,400000.0,399996,199997,193155,1.61734054965904e7,"(-427, 217)",1.05360005786613e7,10536032
23862,2,10000,2710381.7097171503,200000.000000000,199994,100004,5895,159672.781900393,"(43, 67)",103986.902948356,104017
23942,2,10000,3697233.08177602,200000.000000000,199991,99989,26521,980265.821859209,"(135, -32)",638555.437940338,638587
24358,2,10000,3645216.803158366,200000.000000000,199988,100001,56240,2.05012631847620e6,"(-235, -286)",1.33550715818369e6,1335538
24468,2,10000,5205655.90580824,200000.000000000,199998,99999,86458,4.50025108777748e6,"(347, 25)",2.93162064736565e6,2931652
24810,2,10000,19396617.112537004,800000.0,800026,400004,310869,1.50741380130060e7,"(487, 357)",9.81989172703944e6,9819923
24884,2,10000,8405597.822314497,400000.0,400016,200001,119281,5.01304743789079e6,"(555, 133)",3.26567754122683e6,3265708
25022,2,10000,10348059.541472726,500000.000000000,499995,250000,113963,4.71788451555791e6,"(331, -125)",3.07339608416846e6,3073427
25132,2,10000,13435313.783919055,500000.000000000,499999,250001,195463,1.05056748673657e7,"(119, -494)",6.84380419104278e6,6843835
25148,2,10000,13445966.364550712,500000.000000000,499992,250000,40085,2.15596466547456e6,"(-241, 147)",1.40445459012546e6,1404485
25178,2,10000,11916085.994260352,500000.000000000,499979,249980,106595,5.08090912375303e6,"(315, 146)",3.30988544417455e6,3309916
25712,2,10000,8779392.986850675,500000.000000000,500019,250009,126759,4.45119345786895e6,"(315, 227)",2.89966233119453e6,2899693
25780,2,10000,15821770.520441106,500000.000000000,500005,249997,66522,4.20968627252555e6,"(103, 198)",2.74233446741028e6,2742365
25818,3,10000,80162.81306828804,500000.000000000,499955,249942,18085,13933.1835456500,"(15, -2, 23)",9045.84261343366,9077
25904,2,10000,5126374.28428172,500000.000000000,499981,249981,151420,3.10459634281604e6,"(-99, 364)",2.02243276718723e6,2022463
26012,2,10000,11886909.417125845,500000.000000000,499999,250004,121941,5.79722202978900e6,"(-121, 294)",3.77652147287071e6,3776553
26142,2,10000,7838671.060743321,500000.000000000,500007,249996,12255,384360.910783499,"(-28, 87)",250357.886941192,250389
26322,2,10000,7286802.3763096435,500000.000000000,499993,250006,30968,902989.102316638,"(-239, 21)",588213.911674203,588246
26736,3,10000,117593.00694074309,500000.000000000,499968,249941,12282,15768.8734770128,"(33, 11, -6)",10241.5965819315,10272
27726,2,10000,9137889.32481558,500000.000000000,499993,250006,179952,6.57727446966187e6,"(-189, 281)",4.28468001193780e6,4284712
27936,2,10000,15133613.199095573,500000.000000000,500016,250006,160514,9.71672799403017e6,"(-183, 348)",6.32985100501308e6,6329882
28114,2,10000,16391858.484943002,500000.000000000,500008,250007,85392,5.59843763933781e6,"(-373, 140)",3.64702482458516e6,3647055
28248,2,10000,13271166.341718903,500000.000000000,499999,249998,61910,3.28586451551603e6,"(301, 59)",2.14051819218442e6,2140549
28302,3,10000,99613.73070530297,500000.000000000,499948,250012,166996,76118.2947230686,"(31, 26, 8)",49555.5792075924,49586
28320,2,10000,16145145.951282782,500000.000000000,500004,249998,26897,1.73706674331501e6,"(211, 19)",1.13156669647473e6,1131599
28414,2,10000,7819013.35964432,500000.000000000,499977,249989,16067,502348.324714602,"(85, 65)",327219.593986266,327251
28662,2,10000,5315094.649479412,500000.000000000,500010,250001,162832,3.46168636782216e6,"(364, 159)",2.25505584465354e6,2255087
28718,2,10000,3075667.510291388,500000.000000000,500000,250006,180608,2.22183982935088e6,"(-605, 353)",1.44736807446996e6,1447399
28760,2,10000,4355140.7696517715,500000.000000000,500005,249998,236484,4.11984322203704e6,"(-485, 317)",2.68380667077769e6,2683839
28986,2,10000,21832149.320799753,500000.000000000,499988,249989,21036,1.83625133025875e6,"(173, 36)",1.19617961410378e6,1196210
29244,2,10000,15733700.432387209,500000.000000000,499994,250000,42404,2.66792032968337e6,"(169, 198)",1.73796347684301e6,1737994
29338,2,10000,60404971.50253252,4000000.0,4000005,2000036,1354829,4.09185548903662e7,"(-1395, 72)",2.66560227469842e7,26656054
29518,2,10000,8993612.550273614,500000.000000000,499982,249998,104991,3.77709121895574e6,"(-183, -427)",2.46052364759017e6,2460555
29662,3,10000,82690.2534699584,500000.000000000,500040,250041,31887,20959.3088827934,"(39, 20, -18)",13622.5921410521,13654
29922,2,10000,7987916.762343711,500000.000000000,500006,250001,198489,6.34180942477119e6,"(-771, 368)",4.13128805880171e6,4131319
30298,2,10000,24881461.542660292,1000000.0,999990,499997,315804,1.57153061994058e7,"(879, 332)",1.02375749143043e7,10237606
30612,2,10000,14391643.212436067,500000.000000000,499995,249996,111226,6.40405790962148e6,"(123, -427)",4.17183925961118e6,4171871
30656,3,10000,89630.46803306168,500000.000000000,499962,249995,217590,81707.1343911119,"(79, 16, -9)",53196.1743595375,53228
30804,2,10000,8572115.821481662,500000.000000000,499989,250006,189629,6.50234046361451e6,"(-609, 78)",4.23586459961851e6,4235896
30860,2,10000,18086496.66610173,500000.000000000,499988,249990,72544,5.24724930294503e6,"(143, 152)",3.41824584683922e6,3418278
30948,2,10000,10692301.90785211,500000.000000000,500012,249993,112241,4.80013247299230e6,"(89, 308)",3.12697528139740e6,3127007
31000,2,10000,8725202.7198847,500000.000000000,500011,250010,14294,498860.564674287,"(115, -7)",324947.294600793,324978
31866,2,10000,8185708.395458895,500000.000000000,499995,250000,144245,4.72315506155508e6,"(125, 347)",3.07682890770005e6,3076860
32002,2,10000,6212561.884987291,500000.000000000,500016,250007,44327,1.10159467181890e6,"(-169, 147)",717593.356889914,717626
32104,2,10000,28863215.90724519,1000000.0,1000029,500014,359154,2.07333890440231e7,"(-807, 415)",1.35065632971592e7,13506594
32176,2,10000,23192587.769489896,1000000.0,999974,499998,347867,1.61357479927542e7,"(231, -323)",1.05114680838148e7,10511500
32348,2,10000,4033056.576106508,500000.000000000,499987,250000,147523,2.37993517331823e6,"(-15, 384)",1.55035766755993e6,1550389
32848,2,10000,12407155.975248355,500000.000000000,500018,250011,242078,1.20141067461167e7,"(-39, 477)",7.82645895525428e6,7826491
32852,2,10000,8451596.180316921,500000.000000000,500008,250003,27543,930996.173659580,"(177, 87)",606458.309024392,606490
32914,2,10000,13562450.564703595,500000.000000000,499997,250016,4471,242447.398539877,"(67, 55)",157908.903777693,157940
33310,2,10000,12621946.724133724,500000.000000000,499968,249975,55045,2.77853887771231e6,"(-361, 54)",1.81002467512355e6,1810056
33602,2,10000,17987369.489238586,1000000.0,999966,499989,375035,1.34917615723082e7,"(51, 375)",8.78906490187610e6,8789096
33902,2,10000,12213865.473605938,500000.000000000,500016,250014,32200,1.57296221806251e6,"(27, 182)",1.02466169302354e6,1024693
33912,2,10000,10172703.254264046,500000.000000000,500004,249994,12445,506501.200810892,"(115, 50)",329924.489819072,329956
34120,2,10000,15737071.340545362,1000000.0,999998,499989,333404,1.04932772614937e7,"(-659, 486)",6.83572707662240e6,6835758
34330,2,10000,13272000.46729708,500000.000000000,499992,249982,42929,2.27964457484803e6,"(157, 117)",1.48502403234813e6,1485055
34962,2,10000,7945831.247322582,500000.000000000,500009,250016,105733,3.36077994112767e6,"(-179, 358)",2.18932067046189e6,2189352
35016,2,10000,12437664.002702538,500000.000000000,500007,249999,96653,4.80830007718601e6,"(195, -314)",3.13229567774128e6,3132328
35160,2,10000,6687154.984454933,500000.000000000,500008,250003,20098,537524.754175529,"(247, -164)",350134.432699234,350166
35230,2,10000,18926262.073323548,500000.000000000,500001,249993,39949,3.02400977443570e6,"(217, 102)",1.96993451296770e6,1969967
35246,2,10000,78074610.21324106,2000000.0,2000031,1000015,564455,4.40683794620594e7,"(171, 717)",2.87079494145827e7,28707981
35292,2,10000,9460716.19918028,500000.000000000,499990,249977,1327,50152.1610061792,"(11, -46)",32639.5811683182,32671
35382,2,10000,5182641.6268365495,500000.000000000,500000,249991,56617,1.17366900446492e6,"(168, 131)",764545.322690911,764577
35536,2,10000,5759805.835933852,500000.000000000,500008,250001,186689,4.30138297820660e6,"(413, 470)",2.80206869102549e6,2802101
35656,2,10000,6559930.950515798,500000.000000000,500002,250008,32147,843589.319482640,"(133, 108)",549517.623925199,549550
36252,2,10000,8583548.053743403,500000.000000000,499974,249968,49875,1.71228529126637e6,"(249, 119)",1.11542238122498e6,1115455
36724,2,10000,9199833.986336527,500000.000000000,499991,250003,26758,984436.830778568,"(193, -146)",641271.492439494,641303
36742,2,10000,8923282.10699864,500000.000000000,500008,249990,219498,7.83437478042314e6,"(-9, 494)",5.10360687052808e6,5103639
36852,2,10000,17763396.575998794,1000000.0,1000001,500005,376267,1.33672884108692e7,"(-291, 681)",8.70797765056349e6,8708010
36954,3,10000,127167.39077861221,500000.000000000,499993,249993,109121,73172.8072776100,"(9, -28, 19)",47636.0707255083,47668
37088,2,10000,9751532.100859873,500000.000000000,500011,250012,3966,154447.164721006,"(-79, 8)",100581.568730599,100613
37298,2,10000,98416480.72681876,4000000.0,4000000,2000016,,,,,
37446,2,10000,8307513.856799223,500000.000000000,499995,249988,139015,4.61951857242340e6,"(-385, 325)",3.00931535420219e6,3009347
37560,2,10000,7793303.639829429,500000.000000000,500020,250003,137801,4.29537587532828e6,"(711, 296)",2.79815526923481e6,2798187
37676,2,10000,12898410.990814907,1000000.0,999988,500001,374642,9.66454453551132e6,"(801, 20)",6.29585574348764e6,6295888
37774,2,10000,13291166.170169564,500000.000000000,499999,250017,40604,2.15852312069851e6,"(205, -184)",1.40612021446725e6,1406153
37984,2,10000,17000136.884016372,500000.000000000,500006,250005,66671,4.53339902379827e6,"(-383, 18)",2.95321344990276e6,2953246
38022,2,10000,10253828.530901222,500000.000000000,500003,250001,85580,3.51003040279621e6,"(115, 167)",2.28654842971600e6,2286581
38724,2,10000,10691414.711905323,500000.000000000,500003,250005,109958,4.70265307487028e6,"(165, 142)",3.06347255025620e6,3063504
38926,2,10000,16314108.743772354,500000.000000000,500005,250006,12196,795851.255588870,"(-13, 116)",518418.828693542,518451
39010,3,10000,105732.96784262628,500000.000000000,500050,250021,45102,33763.1563787863,"(47, 17, 3)",21962.8387598943,21995
39498,2,10000,11265465.28282547,500000.000000000,500014,250017,112666,5.07695396735074e6,"(-341, 340)",3.30730771695042e6,3307340
39804,3,10000,176640.173151272,500000.000000000,500001,250012,243600,173601.363467726,"(33, 15, 55)",113059.228802247,113091
40324,2,10000,11596334.765249548,500000.000000000,499995,249999,55270,2.56406676587374e6,"(-301, 135)",1.67030809514927e6,1670340
40438,2,10000,8574684.833543919,500000.000000000,499995,249986,73208,2.51126008096324e6,"(-277, 107)",1.63590760999655e6,1635940
40532,3,10000,83294.44119846834,500000.000000000,499996,249938,238323,80669.4560390081,"(29, 49, 37)",52519.4596907944,52551
